﻿<?xml version="1.0" encoding="utf-8"?>
<deployment>
  <id>294a7319-ea54-4c42-be25-0e63fc7da893</id>
  <author>N/A</author>
  <deployer>OneDeploy</deployer>
  <authorEmail>N/A</authorEmail>
  <message>OneDeploy</message>
  <progress></progress>
  <status>Success</status>
  <statusText></statusText>
  <lastSuccessEndTime>2025-08-29T20:40:16.5537142Z</lastSuccessEndTime>
  <receivedTime>2025-08-29T20:40:03.7558512Z</receivedTime>
  <startTime>2025-08-29T20:40:05.1860388Z</startTime>
  <endTime>2025-08-29T20:40:16.5537142Z</endTime>
  <complete>True</complete>
  <is_temp>False</is_temp>
  <is_readonly>True</is_readonly>
  <buildSummary />
</deployment>