﻿<?xml version="1.0" encoding="utf-8"?>
<deployment>
  <id>11a47c36-f7c9-4f03-81c7-69d37b0841ba</id>
  <author>N/A</author>
  <deployer>Push-Deployer</deployer>
  <authorEmail>N/A</authorEmail>
  <message>Created via a push deployment</message>
  <progress></progress>
  <status>Failed</status>
  <statusText></statusText>
  <lastSuccessEndTime />
  <receivedTime>2025-08-29T21:57:43.9958554Z</receivedTime>
  <startTime>2025-08-29T21:57:45.3233911Z</startTime>
  <endTime>2025-08-29T21:58:06.8380052Z</endTime>
  <complete>True</complete>
  <is_temp>False</is_temp>
  <is_readonly>True</is_readonly>
  <buildSummary />
</deployment>