﻿<?xml version="1.0" encoding="utf-8"?>
<deployment>
  <id>3dcc1394-31ec-4889-8235-65911512d989</id>
  <author>N/A</author>
  <deployer>OneDeploy</deployer>
  <authorEmail>N/A</authorEmail>
  <message>OneDeploy</message>
  <progress></progress>
  <status>Success</status>
  <statusText></statusText>
  <lastSuccessEndTime>2025-08-29T21:29:50.9854664Z</lastSuccessEndTime>
  <receivedTime>2025-08-29T21:29:42.4955102Z</receivedTime>
  <startTime>2025-08-29T21:29:43.9901838Z</startTime>
  <endTime>2025-08-29T21:29:50.9854664Z</endTime>
  <complete>True</complete>
  <is_temp>False</is_temp>
  <is_readonly>True</is_readonly>
  <buildSummary />
</deployment>