<step title="Incoming Request" date="2025-08-29T19:31:12.670" instance="5837db" url="/api/zipdeploy?isAsync=true" method="POST" type="request" pid="770,1,26" Accept="*/*" Host="issuetracker-api.scm.azurewebsites.net" User-Agent="AZURECLI/2.76.0 (MSI)" Accept-Encoding="gzip, deflate" Authorization="Bea..." Cache-Control="no-cache" Content-Type="application/octet-stream" Cookie="ARRAffinity=5837dbf0cd93da7124a4888a3302cb855513c4227a93adf2094b4463a5227ab6; ARRAffinitySameSite=5837dbf0cd93da7124a4888a3302cb855513c4227a93adf2094b4463a5227ab6" Content-Length="14691800" x-ms-client-request-id="a7313f90-850e-11f0-b35d-10b67641a083" x-ms-artifact-checksum="8f793612718a00b6b3e41fc70900024b3ce732e34b1aa4f24389594ca16e17dc" X-ARR-LOG-ID="a7313f90-850e-11f0-b35d-10b67641a083" CLIENT-IP="41.121.17.187:42745" X-SITE-DEPLOYMENT-ID="issuetracker-api" WAS-DEFAULT-HOSTNAME="issuetracker-api.scm.azurewebsites.net" X-Forwarded-Proto="https" X-AppService-Proto="https" X-Forwarded-TlsVersion="1.3" X-WAWS-Unencoded-URL="/api/zipdeploy?isAsync=true" X-Client-IP="41.121.17.187" X-Client-Port="42745" >
  <step title="Cleanup Xml Logs" date="2025-08-29T19:31:12.672" /><!-- duration: 5ms -->
  <step title="ZipPushDeploy" date="2025-08-29T19:31:12.684" >
    <step title="ZipDeploy. Extract zip." date="2025-08-29T19:31:12.689" /><!-- duration: 2ms -->
    <step title="Starting PushDeployAsync" date="2025-08-29T19:31:12.694" /><!-- duration: 2ms -->
    <step title="Writing artifact to /tmp/zipdeploy/f1cabf09-9361-4c8e-b988-b1b9b40e2d57.zip" date="2025-08-29T19:31:12.705" >
      <step title="Writing multipart request body to /tmp/zipdeploy/f1cabf09-9361-4c8e-b988-b1b9b40e2d57.zip" date="2025-08-29T19:31:12.707" /><!-- duration: 5ms -->
    </step><!-- duration: 8185ms -->
    <step title="Start deployment in the background" date="2025-08-29T19:31:20.919" >
      <step title="Acquiring Deployment Lock" date="2025-08-29T19:31:20.975" /><!-- duration: 2ms -->
      <step title="Acquired Deployment Lock" date="2025-08-29T19:31:21.030" /><!-- duration: 9ms -->
    </step><!-- duration: 221ms -->
  </step><!-- duration: 8458ms -->
  <step title="Outgoing response" date="2025-08-29T19:31:21.168" type="response" statusCode="202" statusText="Accepted" /><!-- duration: 3ms -->
</step><!-- duration: 8509ms -->
