<step title="Incoming Request" date="2025-08-29T20:39:55.821" instance="5837db" url="/api/publish?async=true&amp;deployer=GITHUB_ONE_DEPLOY&amp;type=zip&amp;message=%7B%22type%22%3A%22deployment%22%2C%22sha%22%3A%22b7449d3039eedc871d4f5be0d2fbbea152ee3507%22%2C%22repoName%22%3A%22Kgaogelo072%2FIssueTracker%22%2C%22actor%22%3A%22Kgaogelo072%22%2C%22slotName%22%3A%22production%22%2C%22commitMessage%22%3A%22Trigger%20deployment%20with%20updated%20publish%20profile%22%7D" method="POST" type="request" pid="771,1,70" Host="issuetracker-api.scm.azurewebsites.net" User-Agent="GITHUBACTIONS_DeployWebAppToAzure_88b203dd927c9ab2bd165ebe7dabc9c9f8e5929606164ecbcc62c6152f67b586" Authorization="Bas..." Content-Type="application/octet-stream" Cookie="ARRAffinity=5837dbf0cd93da7124a4888a3302cb855513c4227a93adf2094b4463a5227ab6;Path=/;HttpOnly;Secure;Domain=issuetracker-api.scm.azurewebsites.net; ARRAffinitySameSite=5837dbf0cd93da7124a4888a3302cb855513c4227a93adf2094b4463a5227ab6;Path=/;HttpOnly;SameSite=None;Secure;Domain=issuetracker-api.scm.azurewebsites.net" Transfer-Encoding="chunked" X-ARR-LOG-ID="524342f1-147f-429d-9543-01a32b15c9e1" CLIENT-IP="57.154.243.176:65474" X-SITE-DEPLOYMENT-ID="issuetracker-api" WAS-DEFAULT-HOSTNAME="issuetracker-api.scm.azurewebsites.net" X-Forwarded-Proto="https" X-AppService-Proto="https" X-Forwarded-TlsVersion="1.3" X-WAWS-Unencoded-URL="/api/publish?async=true&amp;deployer=GITHUB_ONE_DEPLOY&amp;type=zip&amp;message=%7B%22type%22%3A%22deployment%22%2C%22sha%22%3A%22b7449d3039eedc871d4f5be0d2fbbea152ee3507%22%2C%22repoName%22%3A%22Kgaogelo072%2FIssueTracker%22%2C%22actor%22%3A%22Kgaogelo072%22%2C%22slotName%22%3A%22production%22%2C%22commitMessage%22%3A%22Trigger%20deployment%20with%20updated%20publish%20profile%22%7D" X-Client-IP="57.154.243.176" X-Client-Port="65474" >
  <step title="OneDeploy" date="2025-08-29T20:39:55.929" >
    <step title="None repository commit" date="2025-08-29T20:39:55.976" >
      <step title="Commit id: 294a7319-ea54-4c42-be25-0e63fc7da893" date="2025-08-29T20:39:55.981" Message="N/A" AuthorName="N/A" AuthorEmail="N/A" /><!-- duration: 2ms -->
    </step><!-- duration: 9ms -->
    <step title="Starting PushDeployAsync" date="2025-08-29T20:39:55.988" /><!-- duration: 2ms -->
    <step title="Writing artifact to /tmp/zipdeploy/0465770c-f2d8-46ad-bbcb-470d99caf8f9.zip" date="2025-08-29T20:39:56.052" >
      <step title="Writing multipart request body to /tmp/zipdeploy/0465770c-f2d8-46ad-bbcb-470d99caf8f9.zip" date="2025-08-29T20:39:56.063" /><!-- duration: 2ms -->
    </step><!-- duration: 2213ms -->
    <step title="Start deployment in the background" date="2025-08-29T20:39:58.283" >
      <step title="Acquiring Deployment Lock" date="2025-08-29T20:39:58.439" /><!-- duration: 2ms -->
      <step title="Acquired Deployment Lock" date="2025-08-29T20:39:58.475" /><!-- duration: 2ms -->
    </step><!-- duration: 371ms -->
  </step><!-- duration: 2747ms -->
  <step title="Outgoing response" date="2025-08-29T20:39:58.692" type="response" statusCode="202" statusText="Accepted" /><!-- duration: 3ms -->
</step><!-- duration: 2875ms -->
