<step title="Incoming Request" date="2025-08-29T19:16:17.273" instance="5837db" url="/api/publish?type=zip" method="POST" type="request" pid="770,1,40" Accept="*/*" Host="issuetracker-api.scm.azurewebsites.net" User-Agent="AZURECLI/2.76.0 (MSI)" Accept-Encoding="gzip, deflate" Authorization="Bea..." Cache-Control="no-cache" Content-Type="application/octet-stream" Cookie="ARRAffinity=5837dbf0cd93da7124a4888a3302cb855513c4227a93adf2094b4463a5227ab6; ARRAffinitySameSite=5837dbf0cd93da7124a4888a3302cb855513c4227a93adf2094b4463a5227ab6" Content-Length="14678712" x-ms-client-request-id="8db69c95-850c-11f0-b1f1-10b67641a083" x-ms-artifact-checksum="c5f9ebe95c04636f91e37da6e0cf1225a50795e964ca1348c4811e73280ff850" X-ARR-LOG-ID="8db69c95-850c-11f0-b1f1-10b67641a083" CLIENT-IP="41.121.17.187:42533" X-SITE-DEPLOYMENT-ID="issuetracker-api" WAS-DEFAULT-HOSTNAME="issuetracker-api.scm.azurewebsites.net" X-Forwarded-Proto="https" X-AppService-Proto="https" X-Forwarded-TlsVersion="1.3" X-WAWS-Unencoded-URL="/api/publish?type=zip" X-Client-IP="41.121.17.187" X-Client-Port="42533" >
  <step title="Cleanup Xml Logs" date="2025-08-29T19:16:17.291" /><!-- duration: 28ms -->
  <step title="OneDeploy" date="2025-08-29T19:16:17.398" >
    <step title="Starting PushDeployAsync" date="2025-08-29T19:16:17.475" /><!-- duration: 2ms -->
    <step title="Writing artifact to /tmp/zipdeploy/c3de736c-908d-4f72-bfed-eda1681fd177.zip" date="2025-08-29T19:16:17.503" >
      <step title="Writing multipart request body to /tmp/zipdeploy/c3de736c-908d-4f72-bfed-eda1681fd177.zip" date="2025-08-29T19:16:17.523" /><!-- duration: 9ms -->
    </step><!-- duration: 5226ms -->
    <step title="Attempting to fetch target branch HEAD" date="2025-08-29T19:16:22.744" /><!-- duration: 2ms -->
    <step title="Acquiring Deployment Lock" date="2025-08-29T19:16:22.757" /><!-- duration: 3ms -->
    <step title="Acquired Deployment Lock" date="2025-08-29T19:16:22.792" /><!-- duration: 3ms -->
    <step title="Performing fetch based deployment" date="2025-08-29T19:16:22.798" >
      <step title="Creating temporary deployment" date="2025-08-29T19:16:22.801" /><!-- duration: 57ms -->
      <step title="Releasing Deployment Lock" date="2025-08-29T19:16:23.995" /><!-- duration: 10ms -->
      <step title="Cleaning up temp folders from previous zip deployments and extracting pushed zip file /tmp/zipdeploy/c3de736c-908d-4f72-bfed-eda1681fd177.zip (14.00 MB) to /tmp/zipdeploy/extracted" date="2025-08-29T19:16:24.062" >
        <step title="ChmodRecursive Process exited with total time taken in ms: 81" date="2025-08-29T19:16:25.163" /><!-- duration: 11ms -->
      </step><!-- duration: 1119ms -->
      <step title="None repository commit" date="2025-08-29T19:16:25.184" >
        <step title="Commit id: 51f7399f-ec8b-421a-8216-571086dcf4e0" date="2025-08-29T19:16:25.193" Message="OneDeploy" AuthorName="N/A" AuthorEmail="N/A" /><!-- duration: 2ms -->
      </step><!-- duration: 12ms -->
      <step title="Deployment timer started" date="2025-08-29T19:16:27.199" >
        <step title="DeploymentManager.Deploy(id:51f7399f-ec8b-421a-8216-571086dcf4e0)" date="2025-08-29T19:16:27.204" >
          <step title="Collecting changeset information" date="2025-08-29T19:16:27.227" /><!-- duration: 81ms -->
          <step title="Updating submodules" date="2025-08-29T19:16:27.318" /><!-- duration: 1191ms -->
          <step title="Determining deployment builder" date="2025-08-29T19:16:28.781" >
            <step title="Builder is OneDeployBuilder" date="2025-08-29T19:16:28.810" /><!-- duration: 8ms -->
          </step><!-- duration: 46ms -->
          <step title="PreDeployment: context.CleanOutputPath False" date="2025-08-29T19:16:28.879" >
            <step title="PreDeployment: context.OutputPath /home/site/wwwroot" date="2025-08-29T19:16:29.003" >
              <step title="Building" date="2025-08-29T19:16:29.132" >
                <step title="Executing external process" date="2025-08-29T19:16:29.572" type="process" path="starter.sh" arguments="/opt/Kudu/Scripts/parallel_rsync.sh /tmp/zipdeploy/extracted /home/site/wwwroot 8 /tmp/ False False  " >
                  <step title="Process dump" date="2025-08-29T19:16:41.006" exitCode="123" type="processOutput" /><!-- duration: 5ms -->
                </step><!-- duration: 11443ms -->
                <step title="Error occurred" date="2025-08-29T19:16:41.048" type="error" text="rsync: [generator] recv_generator: failed to stat &quot;/home/site/wwwroot/fr\Microsoft.CodeAnalysis.resources.dll&quot;: Invalid argument (22)
rsync: [generator] recv_generator: failed to stat &quot;/home/site/wwwroot/ja\Microsoft.CodeAnalysis.CSharp.resources.dll&quot;: Invalid argument (22)
rsync: [generator] recv_generator: failed to stat &quot;/home/site/wwwroot/pl\Microsoft.CodeAnalysis.CSharp.resources.dll&quot;: Invalid argument (22)
rsync: [generator] recv_generator: failed to stat &quot;/home/site/wwwroot/pt-BR\Microsoft.CodeAnalysis.CSharp.Workspaces.resources.dll&quot;: Invalid argument (22)
rsync: [generator] recv_generator: failed to stat &quot;/home/site/wwwroot/runtimes\win-x64\native\Microsoft.Data.SqlClient.SNI.dll&quot;: Invalid argument (22)
rsync: [generator] recv_generator: failed to stat &quot;/home/site/wwwroot/runtimes\win\lib\net6.0\System.Windows.Extensions.dll&quot;: Invalid argument (22)
rsync: [generator] recv_generator: failed to stat &quot;/home/site/wwwroot/tr\Microsoft.CodeAnalysis.resources.dll&quot;: Invalid argument (22)
rsync: [generator] recv_generator: failed to stat &quot;/home/site/wwwroot/zh-Hans\Microsoft.CodeAnalysis.CSharp.resources.dll&quot;: Invalid argument (22)
rsync: [generator] recv_generator: failed to stat &quot;/home/site/wwwroot/zh-Hant\Microsoft.CodeAnalysis.CSharp.Workspaces.resources.dll&quot;: Invalid argument (22)
rsync: [generator] recv_generator: failed to stat &quot;/home/site/wwwroot/zh-Hant\Microsoft.CodeAnalysis.resources.dll&quot;: Invalid argument (22)
rsync: [generator] recv_generator: failed to stat &quot;/home/site/wwwroot/cs\Microsoft.CodeAnalysis.CSharp.resources.dll&quot;: Invalid argument (22)
rsync: [generator] recv_generator: failed to stat &quot;/home/site/wwwroot/es\Microsoft.CodeAnalysis.resources.dll&quot;: Invalid argument (22)
rsync: [generator] recv_generator: failed to stat &quot;/home/site/wwwroot/pt-BR\Microsoft.CodeAnalysis.Workspaces.resources.dll&quot;: Invalid argument (22)
rsync: [generator] recv_generator: failed to stat &quot;/home/site/wwwroot/ru\Microsoft.CodeAnalysis.Workspaces.resources.dll&quot;: Invalid argument (22)
rsync: [generator] recv_generator: failed to stat &quot;/home/site/wwwroot/runtimes\unix\lib\net6.0\Microsoft.Data.SqlClient.dll&quot;: Invalid argument (22)
rsync: [generator] recv_generator: failed to stat &quot;/home/site/wwwroot/runtimes\win-arm\native\Microsoft.Data.SqlClient.SNI.dll&quot;: Invalid argument (22)
rsync: [generator] recv_generator: failed to stat &quot;/home/site/wwwroot/tr\Microsoft.CodeAnalysis.CSharp.Workspaces.resources.dll&quot;: Invalid argument (22)
rsync: [generator] recv_generator: failed to stat &quot;/home/site/wwwroot/tr\Microsoft.CodeAnalysis.Workspaces.resources.dll&quot;: Invalid argument (22)
rsync error: some files/attrs were not transferred (see previous errors) (code 23) at main.c(1333) [sender=3.2.3]
rsync error: some files/attrs were not transferred (see previous errors) (code 23) at main.c(1333) [sender=3.2.3]
rsync: [generator] recv_generator: failed to stat &quot;/home/site/wwwroot/de\Microsoft.CodeAnalysis.CSharp.Workspaces.resources.dll&quot;: Invalid argument (22)
rsync: [generator] recv_generator: failed to stat &quot;/home/site/wwwroot/it\Microsoft.CodeAnalysis.resources.dll&quot;: Invalid argument (22)
rsync: [generator] recv_generator: failed to stat &quot;/home/site/wwwroot/ja\Microsoft.CodeAnalysis.Workspaces.resources.dll&quot;: Invalid argument (22)
rsync: [generator] recv_generator: failed to stat &quot;/home/site/wwwroot/pl\Microsoft.CodeAnalysis.Workspaces.resources.dll&quot;: Invalid argument (22)
rsync: [generator] recv_generator: failed to stat &quot;/home/site/wwwroot/pl\Microsoft.CodeAnalysis.resources.dll&quot;: Invalid argument (22)
rsync: [generator] recv_generator: failed to stat &quot;/home/site/wwwroot/pt-BR\Microsoft.CodeAnalysis.CSharp.resources.dll&quot;: Invalid argument (22)
rsync: [generator] recv_generator: failed to stat &quot;/home/site/wwwroot/runtimes\win\lib\net6.0\Microsoft.Win32.SystemEvents.dll&quot;: Invalid argument (22)
rsync: [generator] recv_generator: failed to stat &quot;/home/site/wwwroot/tr\Microsoft.CodeAnalysis.CSharp.resources.dll&quot;: Invalid argument (22)
rsync: [generator] recv_generator: failed to stat &quot;/home/site/wwwroot/fr\Microsoft.CodeAnalysis.resources.dll&quot;: Invalid argument (22)
rsync: [generator] recv_generator: failed to stat &quot;/home/site/wwwroot/ja\Microsoft.CodeAnalysis.CSharp.resources.dll&quot;: Invalid argument (22)
rsync: [generator] recv_generator: failed to stat &quot;/home/site/wwwroot/pl\Microsoft.CodeAnalysis.CSharp.resources.dll&quot;: Invalid argument (22)
rsync: [generator] recv_generator: failed to stat &quot;/home/site/wwwroot/pt-BR\Microsoft.CodeAnalysis.CSharp.Workspaces.resources.dll&quot;: Invalid argument (22)
rsync: [generator] recv_generator: failed to stat &quot;/home/site/wwwroot/runtimes\win-x64\native\Microsoft.Data.SqlClient.SNI.dll&quot;: Invalid argument (22)
rsync: [generator] recv_generator: failed to stat &quot;/home/site/wwwroot/runtimes\win\lib\net6.0\System.Windows.Extensions.dll&quot;: Invalid argument (22)
rsync: [generator] recv_generator: failed to stat &quot;/home/site/wwwroot/tr\Microsoft.CodeAnalysis.resources.dll&quot;: Invalid argument (22)
rsync: [generator] recv_generator: failed to stat &quot;/home/site/wwwroot/zh-Hans\Microsoft.CodeAnalysis.CSharp.resources.dll&quot;: Invalid argument (22)
rsync: [generator] recv_generator: failed to stat &quot;/home/site/wwwroot/zh-Hant\Microsoft.CodeAnalysis.CSharp.Workspaces.resources.dll&quot;: Invalid argument (22)
rsync: [generator] recv_generator: failed to stat &quot;/home/site/wwwroot/zh-Hant\Microsoft.CodeAnalysis.resources.dll&quot;: Invalid argument (22)
rsync: [generator] recv_generator: failed to stat &quot;/home/site/wwwroot/it\Microsoft.CodeAnalysis.Workspaces.resources.dll&quot;: Invalid argument (22)
rsync: [generator] recv_generator: failed to stat &quot;/home/site/wwwroot/ja\Microsoft.CodeAnalysis.CSharp.Workspaces.resources.dll&quot;: Invalid argument (22)
rsync: [generator] recv_generator: failed to stat &quot;/home/site/wwwroot/ko\Microsoft.CodeAnalysis.CSharp.resources.dll&quot;: Invalid argument (22)
rsync: [generator] recv_generator: failed to stat &quot;/home/site/wwwroot/runtimes\win-arm64\native\Microsoft.Data.SqlClient.SNI.dll&quot;: Invalid argument (22)
rsync: [generator] recv_generator: failed to stat &quot;/home/site/wwwroot/runtimes\win\lib\net6.0\Microsoft.Data.SqlClient.dll&quot;: Invalid argument (22)
rsync: [generator] recv_generator: failed to stat &quot;/home/site/wwwroot/runtimes\win\lib\net6.0\System.Runtime.Caching.dll&quot;: Invalid argument (22)
rsync: [generator] recv_generator: failed to stat &quot;/home/site/wwwroot/zh-Hans\Microsoft.CodeAnalysis.Workspaces.resources.dll&quot;: Invalid argument (22)
rsync: [generator] recv_generator: failed to stat &quot;/home/site/wwwroot/zh-Hant\Microsoft.CodeAnalysis.CSharp.resources.dll&quot;: Invalid argument (22)
rsync: [generator] recv_generator: failed to stat &quot;/home/site/wwwroot/cs\Microsoft.CodeAnalysis.CSharp.Workspaces.resources.dll&quot;: Invalid argument (22)
rsync: [generator] recv_generator: failed to stat &quot;/home/site/wwwroot/cs\Microsoft.CodeAnalysis.Workspaces.resources.dll&quot;: Invalid argument (22)
rsync: [generator] recv_generator: failed to stat &quot;/home/site/wwwroot/es\Microsoft.CodeAnalysis.CSharp.Workspaces.resources.dll&quot;: Invalid argument (22)
rsync: [generator] recv_generator: failed to stat &quot;/home/site/wwwroot/ko\Microsoft.CodeAnalysis.resources.dll&quot;: Invalid argument (22)
rsync: [generator] recv_generator: failed to stat &quot;/home/site/wwwroot/pt-BR\Microsoft.CodeAnalysis.resources.dll&quot;: Invalid argument (22)
rsync: [generator] recv_generator: failed to stat &quot;/home/site/wwwroot/ru\Microsoft.CodeAnalysis.CSharp.Workspaces.resources.dll&quot;: Invalid argument (22)
rsync: [generator] recv_generator: failed to stat &quot;/home/site/wwwroot/ru\Microsoft.CodeAnalysis.resources.dll&quot;: Invalid argument (22)
rsync: [generator] recv_generator: failed to stat &quot;/home/site/wwwroot/runtimes\win-x86\native\Microsoft.Data.SqlClient.SNI.dll&quot;: Invalid argument (22)
rsync error: some files/attrs were not transferred (see previous errors) (code 23) at main.c(1333) [sender=3.2.3]
rsync: [generator] recv_generator: failed to stat &quot;/home/site/wwwroot/cs\Microsoft.CodeAnalysis.CSharp.resources.dll&quot;: Invalid argument (22)
rsync: [generator] recv_generator: failed to stat &quot;/home/site/wwwroot/es\Microsoft.CodeAnalysis.resources.dll&quot;: Invalid argument (22)
rsync: [generator] recv_generator: failed to stat &quot;/home/site/wwwroot/pt-BR\Microsoft.CodeAnalysis.Workspaces.resources.dll&quot;: Invalid argument (22)
rsync: [generator] recv_generator: failed to stat &quot;/home/site/wwwroot/ru\Microsoft.CodeAnalysis.Workspaces.resources.dll&quot;: Invalid argument (22)
rsync: [generator] recv_generator: failed to stat &quot;/home/site/wwwroot/runtimes\unix\lib\net6.0\Microsoft.Data.SqlClient.dll&quot;: Invalid argument (22)
rsync: [generator] recv_generator: failed to stat &quot;/home/site/wwwroot/runtimes\win-arm\native\Microsoft.Data.SqlClient.SNI.dll&quot;: Invalid argument (22)
rsync: [generator] recv_generator: failed to stat &quot;/home/site/wwwroot/tr\Microsoft.CodeAnalysis.CSharp.Workspaces.resources.dll&quot;: Invalid argument (22)
rsync: [generator] recv_generator: failed to stat &quot;/home/site/wwwroot/tr\Microsoft.CodeAnalysis.Workspaces.resources.dll&quot;: Invalid argument (22)
rsync error: some files/attrs were not transferred (see previous errors) (code 23) at main.c(1333) [sender=3.2.3]
rsync: [generator] recv_generator: failed to stat &quot;/home/site/wwwroot/cs\Microsoft.CodeAnalysis.resources.dll&quot;: Invalid argument (22)
rsync: [generator] recv_generator: failed to stat &quot;/home/site/wwwroot/de\Microsoft.CodeAnalysis.Workspaces.resources.dll&quot;: Invalid argument (22)
rsync: [generator] recv_generator: failed to stat &quot;/home/site/wwwroot/de\Microsoft.CodeAnalysis.resources.dll&quot;: Invalid argument (22)
rsync: [generator] recv_generator: failed to stat &quot;/home/site/wwwroot/es\Microsoft.CodeAnalysis.CSharp.resources.dll&quot;: Invalid argument (22)
rsync: [generator] recv_generator: failed to stat &quot;/home/site/wwwroot/ja\Microsoft.CodeAnalysis.resources.dll&quot;: Invalid argument (22)
rsync: [generator] recv_generator: failed to stat &quot;/home/site/wwwroot/ko\Microsoft.CodeAnalysis.Workspaces.resources.dll&quot;: Invalid argument (22)
rsync: [generator] recv_generator: failed to stat &quot;/home/site/wwwroot/pl\Microsoft.CodeAnalysis.CSharp.Workspaces.resources.dll&quot;: Invalid argument (22)
rsync: [generator] recv_generator: failed to stat &quot;/home/site/wwwroot/de\Microsoft.CodeAnalysis.CSharp.resources.dll&quot;: Invalid argument (22)
rsync: [generator] recv_generator: failed to stat &quot;/home/site/wwwroot/fr\Microsoft.CodeAnalysis.CSharp.resources.dll&quot;: Invalid argument (22)
rsync: [generator] recv_generator: failed to stat &quot;/home/site/wwwroot/it\Microsoft.CodeAnalysis.CSharp.Workspaces.resources.dll&quot;: Invalid argument (22)
rsync: [generator] recv_generator: failed to stat &quot;/home/site/wwwroot/ko\Microsoft.CodeAnalysis.CSharp.Workspaces.resources.dll&quot;: Invalid argument (22)
rsync: [generator] recv_generator: failed to stat &quot;/home/site/wwwroot/ru\Microsoft.CodeAnalysis.CSharp.resources.dll&quot;: Invalid argument (22)
rsync: [generator] recv_generator: failed to stat &quot;/home/site/wwwroot/runtimes\win\lib\net6.0\System.Security.Cryptography.ProtectedData.dll&quot;: Invalid argument (22)
rsync: [generator] recv_generator: failed to stat &quot;/home/site/wwwroot/zh-Hans\Microsoft.CodeAnalysis.CSharp.Workspaces.resources.dll&quot;: Invalid argument (22)
rsync: [generator] recv_generator: failed to stat &quot;/home/site/wwwroot/zh-Hant\Microsoft.CodeAnalysis.Workspaces.resources.dll&quot;: Invalid argument (22)
rsync error: some files/attrs were not transferred (see previous errors) (code 23) at main.c(1333) [sender=3.2.3]
rsync error: some files/attrs were not transferred (see previous errors) (code 23) at main.c(1333) [sender=3.2.3]
rsync: [generator] recv_generator: failed to stat &quot;/home/site/wwwroot/de\Microsoft.CodeAnalysis.CSharp.Workspaces.resources.dll&quot;: Invalid argument (22)
rsync: [generator] recv_generator: failed to stat &quot;/home/site/wwwroot/it\Microsoft.CodeAnalysis.resources.dll&quot;: Invalid argument (22)
rsync: [generator] recv_generator: failed to stat &quot;/home/site/wwwroot/ja\Microsoft.CodeAnalysis.Workspaces.resources.dll&quot;: Invalid argument (22)
rsync: [generator] recv_generator: failed to stat &quot;/home/site/wwwroot/pl\Microsoft.CodeAnalysis.Workspaces.resources.dll&quot;: Invalid argument (22)
rsync: [generator] recv_generator: failed to stat &quot;/home/site/wwwroot/pl\Microsoft.CodeAnalysis.resources.dll&quot;: Invalid argument (22)
rsync: [generator] recv_generator: failed to stat &quot;/home/site/wwwroot/pt-BR\Microsoft.CodeAnalysis.CSharp.resources.dll&quot;: Invalid argument (22)
rsync: [generator] recv_generator: failed to stat &quot;/home/site/wwwroot/runtimes\win\lib\net6.0\Microsoft.Win32.SystemEvents.dll&quot;: Invalid argument (22)
rsync: [generator] recv_generator: failed to stat &quot;/home/site/wwwroot/tr\Microsoft.CodeAnalysis.CSharp.resources.dll&quot;: Invalid argument (22)
rsync: [generator] recv_generator: failed to stat &quot;/home/site/wwwroot/es\Microsoft.CodeAnalysis.Workspaces.resources.dll&quot;: Invalid argument (22)
rsync: [generator] recv_generator: failed to stat &quot;/home/site/wwwroot/fr\Microsoft.CodeAnalysis.CSharp.Workspaces.resources.dll&quot;: Invalid argument (22)
rsync: [generator] recv_generator: failed to stat &quot;/home/site/wwwroot/fr\Microsoft.CodeAnalysis.Workspaces.resources.dll&quot;: Invalid argument (22)
rsync: [generator] recv_generator: failed to stat &quot;/home/site/wwwroot/it\Microsoft.CodeAnalysis.CSharp.resources.dll&quot;: Invalid argument (22)
rsync: [generator] recv_generator: failed to stat &quot;/home/site/wwwroot/runtimes\unix\lib\net6.0\System.Drawing.Common.dll&quot;: Invalid argument (22)
rsync: [generator] recv_generator: failed to stat &quot;/home/site/wwwroot/runtimes\win\lib\net6.0\System.Drawing.Common.dll&quot;: Invalid argument (22)
rsync: [generator] recv_generator: failed to stat &quot;/home/site/wwwroot/zh-Hans\Microsoft.CodeAnalysis.resources.dll&quot;: Invalid argument (22)
rsync error: some files/attrs were not transferred (see previous errors) (code 23) at main.c(1333) [sender=3.2.3]
rsync error: some files/attrs were not transferred (see previous errors) (code 23) at main.c(1333) [sender=3.2.3]
rsync error: some files/attrs were not transferred (see previous errors) (code 23) at main.c(1333) [sender=3.2.3]
rsync: [generator] recv_generator: failed to stat &quot;/home/site/wwwroot/cs\Microsoft.CodeAnalysis.resources.dll&quot;: Invalid argument (22)
rsync: [generator] recv_generator: failed to stat &quot;/home/site/wwwroot/de\Microsoft.CodeAnalysis.Workspaces.resources.dll&quot;: Invalid argument (22)
rsync: [generator] recv_generator: failed to stat &quot;/home/site/wwwroot/de\Microsoft.CodeAnalysis.resources.dll&quot;: Invalid argument (22)
rsync: [generator] recv_generator: failed to stat &quot;/home/site/wwwroot/es\Microsoft.CodeAnalysis.CSharp.resources.dll&quot;: Invalid argument (22)
rsync: [generator] recv_generator: failed to stat &quot;/home/site/wwwroot/ja\Microsoft.CodeAnalysis.resources.dll&quot;: Invalid argument (22)
rsync: [generator] recv_generator: failed to stat &quot;/home/site/wwwroot/ko\Microsoft.CodeAnalysis.Workspaces.resources.dll&quot;: Invalid argument (22)
rsync: [generator] recv_generator: failed to stat &quot;/home/site/wwwroot/pl\Microsoft.CodeAnalysis.CSharp.Workspaces.resources.dll&quot;: Invalid argument (22)
rsync: [generator] recv_generator: failed to stat &quot;/home/site/wwwroot/zh-Hant\Microsoft.CodeAnalysis.Workspaces.resources.dll&quot;: Invalid argument (22)
rsync error: some files/attrs were not transferred (see previous errors) (code 23) at main.c(1333) [sender=3.2.3]
rsync: [generator] recv_generator: failed to stat &quot;/home/site/wwwroot/cs\Microsoft.CodeAnalysis.CSharp.Workspaces.resources.dll&quot;: Invalid argument (22)
rsync: [generator] recv_generator: failed to stat &quot;/home/site/wwwroot/cs\Microsoft.CodeAnalysis.Workspaces.resources.dll&quot;: Invalid argument (22)
rsync: [generator] recv_generator: failed to stat &quot;/home/site/wwwroot/es\Microsoft.CodeAnalysis.CSharp.Workspaces.resources.dll&quot;: Invalid argument (22)
rsync: [generator] recv_generator: failed to stat &quot;/home/site/wwwroot/ko\Microsoft.CodeAnalysis.resources.dll&quot;: Invalid argument (22)
rsync: [generator] recv_generator: failed to stat &quot;/home/site/wwwroot/pt-BR\Microsoft.CodeAnalysis.resources.dll&quot;: Invalid argument (22)
rsync: [generator] recv_generator: failed to stat &quot;/home/site/wwwroot/ru\Microsoft.CodeAnalysis.CSharp.Workspaces.resources.dll&quot;: Invalid argument (22)
rsync: [generator] recv_generator: failed to stat &quot;/home/site/wwwroot/ru\Microsoft.CodeAnalysis.resources.dll&quot;: Invalid argument (22)
rsync: [generator] recv_generator: failed to stat &quot;/home/site/wwwroot/runtimes\win-x86\native\Microsoft.Data.SqlClient.SNI.dll&quot;: Invalid argument (22)
rsync error: some files/attrs were not transferred (see previous errors) (code 23) at main.c(1333) [sender=3.2.3]
rsync: [generator] recv_generator: failed to stat &quot;/home/site/wwwroot/it\Microsoft.CodeAnalysis.Workspaces.resources.dll&quot;: Invalid argument (22)
rsync: [generator] recv_generator: failed to stat &quot;/home/site/wwwroot/ja\Microsoft.CodeAnalysis.CSharp.Workspaces.resources.dll&quot;: Invalid argument (22)
rsync: [generator] recv_generator: failed to stat &quot;/home/site/wwwroot/ko\Microsoft.CodeAnalysis.CSharp.resources.dll&quot;: Invalid argument (22)
rsync: [generator] recv_generator: failed to stat &quot;/home/site/wwwroot/runtimes\win-arm64\native\Microsoft.Data.SqlClient.SNI.dll&quot;: Invalid argument (22)
rsync: [generator] recv_generator: failed to stat &quot;/home/site/wwwroot/runtimes\win\lib\net6.0\Microsoft.Data.SqlClient.dll&quot;: Invalid argument (22)
rsync: [generator] recv_generator: failed to stat &quot;/home/site/wwwroot/runtimes\win\lib\net6.0\System.Runtime.Caching.dll&quot;: Invalid argument (22)
rsync: [generator] recv_generator: failed to stat &quot;/home/site/wwwroot/zh-Hans\Microsoft.CodeAnalysis.Workspaces.resources.dll&quot;: Invalid argument (22)
rsync: [generator] recv_generator: failed to stat &quot;/home/site/wwwroot/zh-Hant\Microsoft.CodeAnalysis.CSharp.resources.dll&quot;: Invalid argument (22)
rsync error: some files/attrs were not transferred (see previous errors) (code 23) at main.c(1333) [sender=3.2.3]
rsync: [generator] recv_generator: failed to stat &quot;/home/site/wwwroot/de\Microsoft.CodeAnalysis.CSharp.resources.dll&quot;: Invalid argument (22)
rsync: [generator] recv_generator: failed to stat &quot;/home/site/wwwroot/fr\Microsoft.CodeAnalysis.CSharp.resources.dll&quot;: Invalid argument (22)
rsync: [generator] recv_generator: failed to stat &quot;/home/site/wwwroot/it\Microsoft.CodeAnalysis.CSharp.Workspaces.resources.dll&quot;: Invalid argument (22)
rsync: [generator] recv_generator: failed to stat &quot;/home/site/wwwroot/ko\Microsoft.CodeAnalysis.CSharp.Workspaces.resources.dll&quot;: Invalid argument (22)
rsync: [generator] recv_generator: failed to stat &quot;/home/site/wwwroot/ru\Microsoft.CodeAnalysis.CSharp.resources.dll&quot;: Invalid argument (22)
rsync: [generator] recv_generator: failed to stat &quot;/home/site/wwwroot/runtimes\win\lib\net6.0\System.Security.Cryptography.ProtectedData.dll&quot;: Invalid argument (22)
rsync: [generator] recv_generator: failed to stat &quot;/home/site/wwwroot/zh-Hans\Microsoft.CodeAnalysis.CSharp.Workspaces.resources.dll&quot;: Invalid argument (22)
rsync: [generator] recv_generator: failed to stat &quot;/home/site/wwwroot/es\Microsoft.CodeAnalysis.Workspaces.resources.dll&quot;: Invalid argument (22)
rsync: [generator] recv_generator: failed to stat &quot;/home/site/wwwroot/fr\Microsoft.CodeAnalysis.CSharp.Workspaces.resources.dll&quot;: Invalid argument (22)
rsync: [generator] recv_generator: failed to stat &quot;/home/site/wwwroot/fr\Microsoft.CodeAnalysis.Workspaces.resources.dll&quot;: Invalid argument (22)
rsync: [generator] recv_generator: failed to stat &quot;/home/site/wwwroot/it\Microsoft.CodeAnalysis.CSharp.resources.dll&quot;: Invalid argument (22)
rsync: [generator] recv_generator: failed to stat &quot;/home/site/wwwroot/runtimes\unix\lib\net6.0\System.Drawing.Common.dll&quot;: Invalid argument (22)
rsync: [generator] recv_generator: failed to stat &quot;/home/site/wwwroot/runtimes\win\lib\net6.0\System.Drawing.Common.dll&quot;: Invalid argument (22)
rsync: [generator] recv_generator: failed to stat &quot;/home/site/wwwroot/zh-Hans\Microsoft.CodeAnalysis.resources.dll&quot;: Invalid argument (22)
rsync error: some files/attrs were not transferred (see previous errors) (code 23) at main.c(1333) [sender=3.2.3]
rsync error: some files/attrs were not transferred (see previous errors) (code 23) at main.c(1333) [sender=3.2.3]
rsync error: some files/attrs were not transferred (see previous errors) (code 23) at main.c(1333) [sender=3.2.3]
rsync error: some files/attrs were not transferred (see previous errors) (code 23) at main.c(1333) [sender=3.2.3]
/opt/Kudu/Scripts/starter.sh /opt/Kudu/Scripts/parallel_rsync.sh /tmp/zipdeploy/extracted /home/site/wwwroot 8 /tmp/ False False  " stackTrace="   at Kudu.Core.Infrastructure.Executable.ExecuteInternal(ITracer tracer, Func`2 onWriteOutput, Func`2 onWriteError, CancellationToken token, Encoding encoding, String arguments, Object[] args) in /tmp/KuduLite/Kudu.Core/Infrastructure/Executable.cs:line 239
   at Kudu.Core.Infrastructure.Executable.ExecuteWithProgressWriter(ILogger logger, ITracer tracer, CancellationToken token, String arguments, Object[] args) in /tmp/KuduLite/Kudu.Core/Infrastructure/Executable.cs:line 118
   at Kudu.Core.Deployment.Generator.ExternalCommandBuilder.RunCommand(DeploymentContext context, String command, Boolean ignoreManifest, CancellationToken token, String message) in /tmp/KuduLite/Kudu.Core/Deployment/Generator/ExternalCommandBuilder.cs:line 122" /><!-- duration: 16ms -->
                <step title="Error occurred" date="2025-08-29T19:16:41.488" type="error" text="Invalid argument : &apos;/home/site/wwwroot/tr\Microsoft.CodeAnalysis.resources.dll&apos;" stackTrace="   at Interop.ThrowExceptionForIoErrno(ErrorInfo errorInfo, String path, Boolean isDirError)
   at Microsoft.Win32.SafeHandles.SafeFileHandle.Open(String fullPath, FileMode mode, FileAccess access, FileShare share, FileOptions options, Int64 preallocationSize, UnixFileMode openPermissions, Int64&amp; fileLength, UnixFileMode&amp; filePermissions, Boolean failForSymlink, Boolean&amp; wasSymlink, Func`4 createOpenException)
   at System.IO.FileSystem.CopyFile(String sourceFullPath, String destFullPath, Boolean overwrite)
   at Kudu.Core.Infrastructure.FileSystemHelpers.CopyDirectoryRecursive(String sourceDirPath, String destinationDirPath, Boolean overwrite) in /tmp/KuduLite/Kudu.Core/Infrastructure/FileSystemHelpers.cs:line 239
   at Kudu.Core.Deployment.Generator.OneDeployBuilder.Build(DeploymentContext context, CancellationToken token) in /tmp/KuduLite/Kudu.Core/Deployment/Generator/OneDeployBuilder.cs:line 108
   at Kudu.Core.Deployment.DeploymentManager.Build(ChangeSet changeSet, ITracer tracer, IDisposable deployStep, IRepository repository, DeploymentInfoBase deploymentInfo, DeploymentAnalytics deploymentAnalytics, Boolean fullBuildByDefault, CancellationToken cancellationToken) in /tmp/KuduLite/Kudu.Core/Deployment/DeploymentManager.cs:line 771" /><!-- duration: 2ms -->
                <step title="Purge deployment items" date="2025-08-29T19:16:41.715" >
                  <step title="Remove f2fbabaf-, Failed, received at 08/29/2025 19:15:06" date="2025-08-29T19:16:41.761" /><!-- duration: 3ms -->
                </step><!-- duration: 51ms -->
              </step><!-- duration: 12638ms -->
            </step><!-- duration: 12776ms -->
            <step title="Error occurred" date="2025-08-29T19:16:41.790" type="error" text="Invalid argument : &apos;/home/site/wwwroot/tr\Microsoft.CodeAnalysis.resources.dll&apos;" stackTrace="   at Interop.ThrowExceptionForIoErrno(ErrorInfo errorInfo, String path, Boolean isDirError)
   at Microsoft.Win32.SafeHandles.SafeFileHandle.Open(String fullPath, FileMode mode, FileAccess access, FileShare share, FileOptions options, Int64 preallocationSize, UnixFileMode openPermissions, Int64&amp; fileLength, UnixFileMode&amp; filePermissions, Boolean failForSymlink, Boolean&amp; wasSymlink, Func`4 createOpenException)
   at System.IO.FileSystem.CopyFile(String sourceFullPath, String destFullPath, Boolean overwrite)
   at Kudu.Core.Infrastructure.FileSystemHelpers.CopyDirectoryRecursive(String sourceDirPath, String destinationDirPath, Boolean overwrite) in /tmp/KuduLite/Kudu.Core/Infrastructure/FileSystemHelpers.cs:line 239
   at Kudu.Core.Deployment.Generator.OneDeployBuilder.Build(DeploymentContext context, CancellationToken token) in /tmp/KuduLite/Kudu.Core/Deployment/Generator/OneDeployBuilder.cs:line 108
   at Kudu.Core.Deployment.DeploymentManager.Build(ChangeSet changeSet, ITracer tracer, IDisposable deployStep, IRepository repository, DeploymentInfoBase deploymentInfo, DeploymentAnalytics deploymentAnalytics, Boolean fullBuildByDefault, CancellationToken cancellationToken) in /tmp/KuduLite/Kudu.Core/Deployment/DeploymentManager.cs:line 771
   at Kudu.Core.Deployment.DeploymentManager.Build(ChangeSet changeSet, ITracer tracer, IDisposable deployStep, IRepository repository, DeploymentInfoBase deploymentInfo, DeploymentAnalytics deploymentAnalytics, Boolean fullBuildByDefault, CancellationToken cancellationToken) in /tmp/KuduLite/Kudu.Core/Deployment/DeploymentManager.cs:line 840" /><!-- duration: 2ms -->
            <step title="Cleaning up temp files" date="2025-08-29T19:16:41.843" /><!-- duration: 22ms -->
            <step title="Cleaning up temp files" date="2025-08-29T19:16:41.874" /><!-- duration: 529ms -->
            <step title="Error occurred" date="2025-08-29T19:16:42.458" type="error" text="Invalid argument : &apos;/home/site/wwwroot/tr\Microsoft.CodeAnalysis.resources.dll&apos;" stackTrace="   at Interop.ThrowExceptionForIoErrno(ErrorInfo errorInfo, String path, Boolean isDirError)
   at Microsoft.Win32.SafeHandles.SafeFileHandle.Open(String fullPath, FileMode mode, FileAccess access, FileShare share, FileOptions options, Int64 preallocationSize, UnixFileMode openPermissions, Int64&amp; fileLength, UnixFileMode&amp; filePermissions, Boolean failForSymlink, Boolean&amp; wasSymlink, Func`4 createOpenException)
   at System.IO.FileSystem.CopyFile(String sourceFullPath, String destFullPath, Boolean overwrite)
   at Kudu.Core.Infrastructure.FileSystemHelpers.CopyDirectoryRecursive(String sourceDirPath, String destinationDirPath, Boolean overwrite) in /tmp/KuduLite/Kudu.Core/Infrastructure/FileSystemHelpers.cs:line 239
   at Kudu.Core.Deployment.Generator.OneDeployBuilder.Build(DeploymentContext context, CancellationToken token) in /tmp/KuduLite/Kudu.Core/Deployment/Generator/OneDeployBuilder.cs:line 108
   at Kudu.Core.Deployment.DeploymentManager.Build(ChangeSet changeSet, ITracer tracer, IDisposable deployStep, IRepository repository, DeploymentInfoBase deploymentInfo, DeploymentAnalytics deploymentAnalytics, Boolean fullBuildByDefault, CancellationToken cancellationToken) in /tmp/KuduLite/Kudu.Core/Deployment/DeploymentManager.cs:line 771
   at Kudu.Core.Deployment.DeploymentManager.Build(ChangeSet changeSet, ITracer tracer, IDisposable deployStep, IRepository repository, DeploymentInfoBase deploymentInfo, DeploymentAnalytics deploymentAnalytics, Boolean fullBuildByDefault, CancellationToken cancellationToken) in /tmp/KuduLite/Kudu.Core/Deployment/DeploymentManager.cs:line 840
   at Kudu.Core.Deployment.DeploymentManager.DeployAsync(IRepository repository, ChangeSet changeSet, String deployer, Boolean clean, DeploymentInfoBase deploymentInfo, Boolean needFileUpdate, Boolean fullBuildByDefault) in /tmp/KuduLite/Kudu.Core/Deployment/DeploymentManager.cs:line 266" /><!-- duration: 2ms -->
          </step><!-- duration: 13585ms -->
          <step title="Reloading status file with latest updates" date="2025-08-29T19:16:42.496" >
            <step title="WebHooksManager.PublishEventAsync: PostDeployment" date="2025-08-29T19:16:42.503" /><!-- duration: 39ms -->
          </step><!-- duration: 50ms -->
          <step title="Error occurred" date="2025-08-29T19:16:42.548" type="error" text="Invalid argument : &apos;/home/site/wwwroot/tr\Microsoft.CodeAnalysis.resources.dll&apos;" stackTrace="   at Interop.ThrowExceptionForIoErrno(ErrorInfo errorInfo, String path, Boolean isDirError)
   at Microsoft.Win32.SafeHandles.SafeFileHandle.Open(String fullPath, FileMode mode, FileAccess access, FileShare share, FileOptions options, Int64 preallocationSize, UnixFileMode openPermissions, Int64&amp; fileLength, UnixFileMode&amp; filePermissions, Boolean failForSymlink, Boolean&amp; wasSymlink, Func`4 createOpenException)
   at System.IO.FileSystem.CopyFile(String sourceFullPath, String destFullPath, Boolean overwrite)
   at Kudu.Core.Infrastructure.FileSystemHelpers.CopyDirectoryRecursive(String sourceDirPath, String destinationDirPath, Boolean overwrite) in /tmp/KuduLite/Kudu.Core/Infrastructure/FileSystemHelpers.cs:line 239
   at Kudu.Core.Deployment.Generator.OneDeployBuilder.Build(DeploymentContext context, CancellationToken token) in /tmp/KuduLite/Kudu.Core/Deployment/Generator/OneDeployBuilder.cs:line 108
   at Kudu.Core.Deployment.DeploymentManager.Build(ChangeSet changeSet, ITracer tracer, IDisposable deployStep, IRepository repository, DeploymentInfoBase deploymentInfo, DeploymentAnalytics deploymentAnalytics, Boolean fullBuildByDefault, CancellationToken cancellationToken) in /tmp/KuduLite/Kudu.Core/Deployment/DeploymentManager.cs:line 771
   at Kudu.Core.Deployment.DeploymentManager.Build(ChangeSet changeSet, ITracer tracer, IDisposable deployStep, IRepository repository, DeploymentInfoBase deploymentInfo, DeploymentAnalytics deploymentAnalytics, Boolean fullBuildByDefault, CancellationToken cancellationToken) in /tmp/KuduLite/Kudu.Core/Deployment/DeploymentManager.cs:line 840
   at Kudu.Core.Deployment.DeploymentManager.DeployAsync(IRepository repository, ChangeSet changeSet, String deployer, Boolean clean, DeploymentInfoBase deploymentInfo, Boolean needFileUpdate, Boolean fullBuildByDefault) in /tmp/KuduLite/Kudu.Core/Deployment/DeploymentManager.cs:line 266" /><!-- duration: 2ms -->
          <step title="Marking deployment as failed and cleaning up the temp deployment" date="2025-08-29T19:16:42.598" /><!-- duration: 10ms -->
        </step><!-- duration: 15484ms -->
      </step><!-- duration: 15490ms -->
      <step title="Error occurred" date="2025-08-29T19:16:42.707" type="error" text="Deployment failed" stackTrace="   at Kudu.Core.Deployment.DeploymentManager.DeployAsync(IRepository repository, ChangeSet changeSet, String deployer, Boolean clean, DeploymentInfoBase deploymentInfo, Boolean needFileUpdate, Boolean fullBuildByDefault) in /tmp/KuduLite/Kudu.Core/Deployment/DeploymentManager.cs:line 307
   at Kudu.Core.Deployment.FetchDeploymentManager.PerformDeployment(DeploymentInfoBase deploymentInfo, IDisposable tempDeployment, ChangeSet tempChangeSet, DeployStatusApiResult updateStatusObj) in /tmp/KuduLite/Kudu.Core/Deployment/FetchDeploymentManager.cs:line 230
   at Kudu.Core.Deployment.FetchDeploymentManager.&lt;&gt;c__DisplayClass17_0.&lt;&lt;FetchDeploy&gt;b__0&gt;d.MoveNext() in /tmp/KuduLite/Kudu.Core/Deployment/FetchDeploymentManager.cs:line 131
--- End of stack trace from previous location ---
   at Kudu.Core.Deployment.FetchDeploymentManager.FetchDeploy(DeploymentInfoBase deployInfo, Boolean asyncRequested, Uri requestUri, String targetBranch) in /tmp/KuduLite/Kudu.Core/Deployment/FetchDeploymentManager.cs:line 124
   at Kudu.Services.Deployment.PushDeploymentController.PushDeployAsync(ArtifactDeploymentInfo deploymentInfo, Boolean isAsync, HttpContext context, JObject requestJson) in /tmp/KuduLite/Kudu.Services/Deployment/PushDeploymentController.cs:line 791
   at Kudu.Services.Deployment.PushDeploymentController.OneDeploy(String type, Boolean async, String path, Nullable`1 restart, Nullable`1 clean, Boolean ignoreStack, Boolean trackDeploymentProgress, Boolean trackStatus, Boolean reset) in /tmp/KuduLite/Kudu.Services/Deployment/PushDeploymentController.cs:line 624
   at Microsoft.AspNetCore.Mvc.Infrastructure.ActionMethodExecutor.TaskOfIActionResultExecutor.Execute(ActionContext actionContext, IActionResultTypeMapper mapper, ObjectMethodExecutor executor, Object controller, Object[] arguments)
   at Microsoft.AspNetCore.Mvc.Infrastructure.ControllerActionInvoker.&lt;InvokeActionMethodAsync&gt;g__Awaited|12_0(ControllerActionInvoker invoker, ValueTask`1 actionResultValueTask)
   at Microsoft.AspNetCore.Mvc.Infrastructure.ControllerActionInvoker.&lt;InvokeNextActionFilterAsync&gt;g__Awaited|10_0(ControllerActionInvoker invoker, Task lastTask, State next, Scope scope, Object state, Boolean isCompleted)
   at Microsoft.AspNetCore.Mvc.Infrastructure.ControllerActionInvoker.Rethrow(ActionExecutedContextSealed context)
   at Microsoft.AspNetCore.Mvc.Infrastructure.ControllerActionInvoker.Next(State&amp; next, Scope&amp; scope, Object&amp; state, Boolean&amp; isCompleted)
   at Microsoft.AspNetCore.Mvc.Infrastructure.ControllerActionInvoker.&lt;InvokeInnerFilterAsync&gt;g__Awaited|13_0(ControllerActionInvoker invoker, Task lastTask, State next, Scope scope, Object state, Boolean isCompleted)
   at Microsoft.AspNetCore.Mvc.Infrastructure.ResourceInvoker.&lt;InvokeNextResourceFilter&gt;g__Awaited|25_0(ResourceInvoker invoker, Task lastTask, State next, Scope scope, Object state, Boolean isCompleted)
   at Microsoft.AspNetCore.Mvc.Infrastructure.ResourceInvoker.Rethrow(ResourceExecutedContextSealed context)
   at Microsoft.AspNetCore.Mvc.Infrastructure.ResourceInvoker.Next(State&amp; next, Scope&amp; scope, Object&amp; state, Boolean&amp; isCompleted)
   at Microsoft.AspNetCore.Mvc.Infrastructure.ResourceInvoker.&lt;InvokeFilterPipelineAsync&gt;g__Awaited|20_0(ResourceInvoker invoker, Task lastTask, State next, Scope scope, Object state, Boolean isCompleted)
   at Microsoft.AspNetCore.Mvc.Infrastructure.ResourceInvoker.&lt;InvokeAsync&gt;g__Awaited|17_0(ResourceInvoker invoker, Task task, IDisposable scope)
   at Microsoft.AspNetCore.Mvc.Infrastructure.ResourceInvoker.&lt;InvokeAsync&gt;g__Awaited|17_0(ResourceInvoker invoker, Task task, IDisposable scope)
   at Microsoft.AspNetCore.Builder.RouterMiddleware.Invoke(HttpContext httpContext)
   at Kudu.Services.Web.Tracing.TraceMiddleware.Invoke(HttpContext context) in /tmp/KuduLite/Kudu.Services.Web/Tracing/TraceMiddleware.cs:line 101" innerText="Invalid argument : &apos;/home/site/wwwroot/tr\Microsoft.CodeAnalysis.resources.dll&apos;" innerStackTrace="   at Interop.ThrowExceptionForIoErrno(ErrorInfo errorInfo, String path, Boolean isDirError)
   at Microsoft.Win32.SafeHandles.SafeFileHandle.Open(String fullPath, FileMode mode, FileAccess access, FileShare share, FileOptions options, Int64 preallocationSize, UnixFileMode openPermissions, Int64&amp; fileLength, UnixFileMode&amp; filePermissions, Boolean failForSymlink, Boolean&amp; wasSymlink, Func`4 createOpenException)
   at System.IO.FileSystem.CopyFile(String sourceFullPath, String destFullPath, Boolean overwrite)
   at Kudu.Core.Infrastructure.FileSystemHelpers.CopyDirectoryRecursive(String sourceDirPath, String destinationDirPath, Boolean overwrite) in /tmp/KuduLite/Kudu.Core/Infrastructure/FileSystemHelpers.cs:line 239
   at Kudu.Core.Deployment.Generator.OneDeployBuilder.Build(DeploymentContext context, CancellationToken token) in /tmp/KuduLite/Kudu.Core/Deployment/Generator/OneDeployBuilder.cs:line 108
   at Kudu.Core.Deployment.DeploymentManager.Build(ChangeSet changeSet, ITracer tracer, IDisposable deployStep, IRepository repository, DeploymentInfoBase deploymentInfo, DeploymentAnalytics deploymentAnalytics, Boolean fullBuildByDefault, CancellationToken cancellationToken) in /tmp/KuduLite/Kudu.Core/Deployment/DeploymentManager.cs:line 771
   at Kudu.Core.Deployment.DeploymentManager.Build(ChangeSet changeSet, ITracer tracer, IDisposable deployStep, IRepository repository, DeploymentInfoBase deploymentInfo, DeploymentAnalytics deploymentAnalytics, Boolean fullBuildByDefault, CancellationToken cancellationToken) in /tmp/KuduLite/Kudu.Core/Deployment/DeploymentManager.cs:line 840
   at Kudu.Core.Deployment.DeploymentManager.DeployAsync(IRepository repository, ChangeSet changeSet, String deployer, Boolean clean, DeploymentInfoBase deploymentInfo, Boolean needFileUpdate, Boolean fullBuildByDefault) in /tmp/KuduLite/Kudu.Core/Deployment/DeploymentManager.cs:line 266" /><!-- duration: 19ms -->
      <step title="Incoming Request" date="2025-08-29T19:16:42.745" url="/Error?type=zip" method="POST" type="request" pid="770,1,3" Accept="*/*" Host="issuetracker-api.scm.azurewebsites.net" User-Agent="AZURECLI/2.76.0 (MSI)" Accept-Encoding="gzip, deflate" Authorization="Bea..." Cache-Control="no-cache" Content-Type="application/octet-stream" Cookie="ARRAffinity=5837dbf0cd93da7124a4888a3302cb855513c4227a93adf2094b4463a5227ab6; ARRAffinitySameSite=5837dbf0cd93da7124a4888a3302cb855513c4227a93adf2094b4463a5227ab6" Content-Length="14678712" x-ms-client-request-id="8db69c95-850c-11f0-b1f1-10b67641a083" x-ms-artifact-checksum="c5f9ebe95c04636f91e37da6e0cf1225a50795e964ca1348c4811e73280ff850" X-ARR-LOG-ID="8db69c95-850c-11f0-b1f1-10b67641a083" CLIENT-IP="41.121.17.187:42533" X-SITE-DEPLOYMENT-ID="issuetracker-api" WAS-DEFAULT-HOSTNAME="issuetracker-api.scm.azurewebsites.net" X-Forwarded-Proto="https" X-AppService-Proto="https" X-Forwarded-TlsVersion="1.3" X-WAWS-Unencoded-URL="/api/publish?type=zip" X-Client-IP="41.121.17.187" X-Client-Port="42533" >
        <step title="Outgoing response" date="2025-08-29T19:16:42.756" type="response" statusCode="400" statusText="BadRequest" /><!-- duration: 9ms -->
      </step><!-- duration: 25ms -->
