<step title="BackgroundTrace" date="2025-08-29T21:29:37.273" instance="5837db" url="/api/publish" method="POST" >
  <step title="Cleanup Xml Logs" date="2025-08-29T21:29:37.279" /><!-- duration: 10ms -->
  <step title="Creating temporary deployment - FetchDeploymentManager" date="2025-08-29T21:29:37.381" /><!-- duration: 2ms -->
  <step title="Creating temporary deployment" date="2025-08-29T21:29:37.395" /><!-- duration: 141ms -->
  <step title="Performing fetch based deployment" date="2025-08-29T21:29:37.617" >
    <step title="Cleaning up temp folders from previous zip deployments and extracting pushed zip file /tmp/zipdeploy/fe42ccd7-6a67-40ca-8746-950ec93f1cbb.zip (15.50 MB) to /tmp/zipdeploy/extracted" date="2025-08-29T21:29:38.883" >
      <step title="ChmodRecursive Process exited with total time taken in ms: 92" date="2025-08-29T21:29:40.167" /><!-- duration: 18ms -->
    </step><!-- duration: 1312ms -->
    <step title="Deployment timer started" date="2025-08-29T21:29:42.238" >
      <step title="DeploymentManager.Deploy(id:3dcc1394-31ec-4889-8235-65911512d989)" date="2025-08-29T21:29:42.340" >
        <step title="Collecting changeset information" date="2025-08-29T21:29:42.416" /><!-- duration: 162ms -->
        <step title="Updating submodules" date="2025-08-29T21:29:42.584" /><!-- duration: 1222ms -->
        <step title="Determining deployment builder" date="2025-08-29T21:29:44.062" >
          <step title="Builder is OneDeployBuilder" date="2025-08-29T21:29:44.086" /><!-- duration: 3ms -->
        </step><!-- duration: 42ms -->
        <step title="PreDeployment: context.CleanOutputPath False" date="2025-08-29T21:29:44.161" >
          <step title="PreDeployment: context.OutputPath /home/site/wwwroot" date="2025-08-29T21:29:44.282" >
            <step title="Building" date="2025-08-29T21:29:44.436" >
              <step title="Executing external process" date="2025-08-29T21:29:45.528" type="process" path="starter.sh" arguments="/opt/Kudu/Scripts/parallel_rsync.sh /tmp/zipdeploy/extracted /home/site/wwwroot 8 /tmp/ False False  " /><!-- duration: 4570ms -->
              <step title="Modified file to trigger a restart of the app container." date="2025-08-29T21:29:50.560" /><!-- duration: 8ms -->
              <step title="Skip function trigger and logicapp sync because function is not enabled." date="2025-08-29T21:29:50.586" /><!-- duration: 19ms -->
            </step><!-- duration: 6928ms -->
          </step><!-- duration: 7092ms -->
          <step title="Cleaning up temp files" date="2025-08-29T21:29:51.377" /><!-- duration: 8ms -->
          <step title="Cleaning up temp files" date="2025-08-29T21:29:51.397" /><!-- duration: 534ms -->
          <step title="Reloading status file with latest updates" date="2025-08-29T21:29:52.677" >
            <step title="WebHooksManager.PublishEventAsync: PostDeployment" date="2025-08-29T21:29:52.687" /><!-- duration: 84ms -->
          </step><!-- duration: 95ms -->
          <step title="Cleaning up temporary deployment - fetch deployment was successful" date="2025-08-29T21:29:52.781" /><!-- duration: 2ms -->
        </step><!-- duration: 8917ms -->
      </step><!-- duration: 10755ms -->
