<step title="BackgroundTrace" date="2025-08-29T19:11:53.846" instance="5837db" url="/api/zipdeploy" method="POST" >
  <step title="Cleanup Xml Logs" date="2025-08-29T19:11:53.864" /><!-- duration: 11ms -->
  <step title="Creating temporary deployment - FetchDeploymentManager" date="2025-08-29T19:11:54.091" /><!-- duration: 11ms -->
  <step title="Creating temporary deployment" date="2025-08-29T19:11:54.111" /><!-- duration: 243ms -->
  <step title="Performing fetch based deployment" date="2025-08-29T19:11:54.572" >
    <step title="Cleaning up temp folders from previous zip deployments and extracting pushed zip file /tmp/zipdeploy/311f04cd-43bb-490b-a813-0ef87f581cda.zip (14.00 MB) to /tmp/zipdeploy/extracted" date="2025-08-29T19:11:55.989" >
      <step title="ChmodRecursive Process exited with total time taken in ms: 179" date="2025-08-29T19:11:57.291" /><!-- duration: 9ms -->
    </step><!-- duration: 1319ms -->
    <step title="Deployment timer started" date="2025-08-29T19:11:59.353" >
      <step title="DeploymentManager.Deploy(id:af773f23-b5b1-4a45-b98a-5074abebef4a)" date="2025-08-29T19:11:59.362" >
        <step title="Collecting changeset information" date="2025-08-29T19:11:59.403" /><!-- duration: 103ms -->
        <step title="Updating submodules" date="2025-08-29T19:11:59.513" /><!-- duration: 1162ms -->
        <step title="Determining deployment builder" date="2025-08-29T19:12:00.907" >
          <step title="Builder is BasicBuilder" date="2025-08-29T19:12:00.929" /><!-- duration: 2ms -->
        </step><!-- duration: 31ms -->
        <step title="PreDeployment: context.CleanOutputPath False" date="2025-08-29T19:12:00.991" >
          <step title="PreDeployment: context.OutputPath /home/site/wwwroot" date="2025-08-29T19:12:01.107" >
            <step title="Building" date="2025-08-29T19:12:01.246" >
              <step title="Executing external process" date="2025-08-29T19:12:01.842" type="process" path="starter.sh" arguments="/opt/Kudu/Scripts/parallel_rsync.sh /tmp/zipdeploy/extracted /home/site/wwwroot 8 /tmp/ False True  " >
                <step title="Process dump" date="2025-08-29T19:12:27.138" exitCode="123" type="processOutput" /><!-- duration: 10ms -->
              </step><!-- duration: 25322ms -->
              <step title="Error occurred" date="2025-08-29T19:12:27.540" type="error" text="rsync: [generator] recv_generator: failed to stat &quot;/home/site/wwwroot/fr\Microsoft.CodeAnalysis.resources.dll&quot;: Invalid argument (22)
rsync: [generator] recv_generator: failed to stat &quot;/home/site/wwwroot/ja\Microsoft.CodeAnalysis.CSharp.resources.dll&quot;: Invalid argument (22)
rsync: [generator] recv_generator: failed to stat &quot;/home/site/wwwroot/pl\Microsoft.CodeAnalysis.CSharp.resources.dll&quot;: Invalid argument (22)
rsync: [generator] recv_generator: failed to stat &quot;/home/site/wwwroot/pt-BR\Microsoft.CodeAnalysis.CSharp.Workspaces.resources.dll&quot;: Invalid argument (22)
rsync: [generator] recv_generator: failed to stat &quot;/home/site/wwwroot/runtimes\win-x64\native\Microsoft.Data.SqlClient.SNI.dll&quot;: Invalid argument (22)
rsync: [generator] recv_generator: failed to stat &quot;/home/site/wwwroot/runtimes\win\lib\net6.0\System.Windows.Extensions.dll&quot;: Invalid argument (22)
rsync: [generator] recv_generator: failed to stat &quot;/home/site/wwwroot/tr\Microsoft.CodeAnalysis.resources.dll&quot;: Invalid argument (22)
rsync: [generator] recv_generator: failed to stat &quot;/home/site/wwwroot/zh-Hans\Microsoft.CodeAnalysis.CSharp.resources.dll&quot;: Invalid argument (22)
rsync: [generator] recv_generator: failed to stat &quot;/home/site/wwwroot/zh-Hant\Microsoft.CodeAnalysis.CSharp.Workspaces.resources.dll&quot;: Invalid argument (22)
rsync: [generator] recv_generator: failed to stat &quot;/home/site/wwwroot/zh-Hant\Microsoft.CodeAnalysis.resources.dll&quot;: Invalid argument (22)
rsync: [generator] recv_generator: failed to stat &quot;/home/site/wwwroot/cs\Microsoft.CodeAnalysis.CSharp.resources.dll&quot;: Invalid argument (22)
rsync: [generator] recv_generator: failed to stat &quot;/home/site/wwwroot/es\Microsoft.CodeAnalysis.resources.dll&quot;: Invalid argument (22)
rsync: [generator] recv_generator: failed to stat &quot;/home/site/wwwroot/pt-BR\Microsoft.CodeAnalysis.Workspaces.resources.dll&quot;: Invalid argument (22)
rsync: [generator] recv_generator: failed to stat &quot;/home/site/wwwroot/ru\Microsoft.CodeAnalysis.Workspaces.resources.dll&quot;: Invalid argument (22)
rsync: [generator] recv_generator: failed to stat &quot;/home/site/wwwroot/runtimes\unix\lib\net6.0\Microsoft.Data.SqlClient.dll&quot;: Invalid argument (22)
rsync: [generator] recv_generator: failed to stat &quot;/home/site/wwwroot/runtimes\win-arm\native\Microsoft.Data.SqlClient.SNI.dll&quot;: Invalid argument (22)
rsync: [generator] recv_generator: failed to stat &quot;/home/site/wwwroot/tr\Microsoft.CodeAnalysis.CSharp.Workspaces.resources.dll&quot;: Invalid argument (22)
rsync: [generator] recv_generator: failed to stat &quot;/home/site/wwwroot/tr\Microsoft.CodeAnalysis.Workspaces.resources.dll&quot;: Invalid argument (22)
rsync: [generator] recv_generator: failed to stat &quot;/home/site/wwwroot/es\Microsoft.CodeAnalysis.Workspaces.resources.dll&quot;: Invalid argument (22)
rsync: [generator] recv_generator: failed to stat &quot;/home/site/wwwroot/fr\Microsoft.CodeAnalysis.CSharp.Workspaces.resources.dll&quot;: Invalid argument (22)
rsync: [generator] recv_generator: failed to stat &quot;/home/site/wwwroot/fr\Microsoft.CodeAnalysis.Workspaces.resources.dll&quot;: Invalid argument (22)
rsync: [generator] recv_generator: failed to stat &quot;/home/site/wwwroot/it\Microsoft.CodeAnalysis.CSharp.resources.dll&quot;: Invalid argument (22)
rsync: [generator] recv_generator: failed to stat &quot;/home/site/wwwroot/runtimes\unix\lib\net6.0\System.Drawing.Common.dll&quot;: Invalid argument (22)
rsync: [generator] recv_generator: failed to stat &quot;/home/site/wwwroot/runtimes\win\lib\net6.0\System.Drawing.Common.dll&quot;: Invalid argument (22)
rsync: [generator] recv_generator: failed to stat &quot;/home/site/wwwroot/zh-Hans\Microsoft.CodeAnalysis.resources.dll&quot;: Invalid argument (22)
rsync: [generator] recv_generator: failed to stat &quot;/home/site/wwwroot/de\Microsoft.CodeAnalysis.CSharp.Workspaces.resources.dll&quot;: Invalid argument (22)
rsync: [generator] recv_generator: failed to stat &quot;/home/site/wwwroot/it\Microsoft.CodeAnalysis.resources.dll&quot;: Invalid argument (22)
rsync: [generator] recv_generator: failed to stat &quot;/home/site/wwwroot/ja\Microsoft.CodeAnalysis.Workspaces.resources.dll&quot;: Invalid argument (22)
rsync: [generator] recv_generator: failed to stat &quot;/home/site/wwwroot/pl\Microsoft.CodeAnalysis.Workspaces.resources.dll&quot;: Invalid argument (22)
rsync: [generator] recv_generator: failed to stat &quot;/home/site/wwwroot/pl\Microsoft.CodeAnalysis.resources.dll&quot;: Invalid argument (22)
rsync: [generator] recv_generator: failed to stat &quot;/home/site/wwwroot/pt-BR\Microsoft.CodeAnalysis.CSharp.resources.dll&quot;: Invalid argument (22)
rsync: [generator] recv_generator: failed to stat &quot;/home/site/wwwroot/runtimes\win\lib\net6.0\Microsoft.Win32.SystemEvents.dll&quot;: Invalid argument (22)
rsync: [generator] recv_generator: failed to stat &quot;/home/site/wwwroot/tr\Microsoft.CodeAnalysis.CSharp.resources.dll&quot;: Invalid argument (22)
rsync: [generator] recv_generator: failed to stat &quot;/home/site/wwwroot/cs\Microsoft.CodeAnalysis.resources.dll&quot;: Invalid argument (22)
rsync: [generator] recv_generator: failed to stat &quot;/home/site/wwwroot/de\Microsoft.CodeAnalysis.Workspaces.resources.dll&quot;: Invalid argument (22)
rsync: [generator] recv_generator: failed to stat &quot;/home/site/wwwroot/de\Microsoft.CodeAnalysis.resources.dll&quot;: Invalid argument (22)
rsync: [generator] recv_generator: failed to stat &quot;/home/site/wwwroot/es\Microsoft.CodeAnalysis.CSharp.resources.dll&quot;: Invalid argument (22)
rsync: [generator] recv_generator: failed to stat &quot;/home/site/wwwroot/ja\Microsoft.CodeAnalysis.resources.dll&quot;: Invalid argument (22)
rsync: [generator] recv_generator: failed to stat &quot;/home/site/wwwroot/ko\Microsoft.CodeAnalysis.Workspaces.resources.dll&quot;: Invalid argument (22)
rsync: [generator] recv_generator: failed to stat &quot;/home/site/wwwroot/pl\Microsoft.CodeAnalysis.CSharp.Workspaces.resources.dll&quot;: Invalid argument (22)
rsync: [generator] recv_generator: failed to stat &quot;/home/site/wwwroot/cs\Microsoft.CodeAnalysis.CSharp.Workspaces.resources.dll&quot;: Invalid argument (22)
rsync: [generator] recv_generator: failed to stat &quot;/home/site/wwwroot/cs\Microsoft.CodeAnalysis.Workspaces.resources.dll&quot;: Invalid argument (22)
rsync: [generator] recv_generator: failed to stat &quot;/home/site/wwwroot/es\Microsoft.CodeAnalysis.CSharp.Workspaces.resources.dll&quot;: Invalid argument (22)
rsync: [generator] recv_generator: failed to stat &quot;/home/site/wwwroot/ko\Microsoft.CodeAnalysis.resources.dll&quot;: Invalid argument (22)
rsync: [generator] recv_generator: failed to stat &quot;/home/site/wwwroot/pt-BR\Microsoft.CodeAnalysis.resources.dll&quot;: Invalid argument (22)
rsync: [generator] recv_generator: failed to stat &quot;/home/site/wwwroot/ru\Microsoft.CodeAnalysis.CSharp.Workspaces.resources.dll&quot;: Invalid argument (22)
rsync: [generator] recv_generator: failed to stat &quot;/home/site/wwwroot/ru\Microsoft.CodeAnalysis.resources.dll&quot;: Invalid argument (22)
rsync: [generator] recv_generator: failed to stat &quot;/home/site/wwwroot/runtimes\win-x86\native\Microsoft.Data.SqlClient.SNI.dll&quot;: Invalid argument (22)
rsync: [generator] recv_generator: failed to stat &quot;/home/site/wwwroot/it\Microsoft.CodeAnalysis.Workspaces.resources.dll&quot;: Invalid argument (22)
rsync: [generator] recv_generator: failed to stat &quot;/home/site/wwwroot/ja\Microsoft.CodeAnalysis.CSharp.Workspaces.resources.dll&quot;: Invalid argument (22)
rsync: [generator] recv_generator: failed to stat &quot;/home/site/wwwroot/ko\Microsoft.CodeAnalysis.CSharp.resources.dll&quot;: Invalid argument (22)
rsync: [generator] recv_generator: failed to stat &quot;/home/site/wwwroot/runtimes\win-arm64\native\Microsoft.Data.SqlClient.SNI.dll&quot;: Invalid argument (22)
rsync: [generator] recv_generator: failed to stat &quot;/home/site/wwwroot/runtimes\win\lib\net6.0\Microsoft.Data.SqlClient.dll&quot;: Invalid argument (22)
rsync: [generator] recv_generator: failed to stat &quot;/home/site/wwwroot/runtimes\win\lib\net6.0\System.Runtime.Caching.dll&quot;: Invalid argument (22)
rsync: [generator] recv_generator: failed to stat &quot;/home/site/wwwroot/zh-Hans\Microsoft.CodeAnalysis.Workspaces.resources.dll&quot;: Invalid argument (22)
rsync: [generator] recv_generator: failed to stat &quot;/home/site/wwwroot/zh-Hant\Microsoft.CodeAnalysis.CSharp.resources.dll&quot;: Invalid argument (22)
rsync: [generator] recv_generator: failed to stat &quot;/home/site/wwwroot/zh-Hant\Microsoft.CodeAnalysis.Workspaces.resources.dll&quot;: Invalid argument (22)
rsync: [generator] recv_generator: failed to stat &quot;/home/site/wwwroot/de\Microsoft.CodeAnalysis.CSharp.resources.dll&quot;: Invalid argument (22)
rsync: [generator] recv_generator: failed to stat &quot;/home/site/wwwroot/fr\Microsoft.CodeAnalysis.CSharp.resources.dll&quot;: Invalid argument (22)
rsync: [generator] recv_generator: failed to stat &quot;/home/site/wwwroot/it\Microsoft.CodeAnalysis.CSharp.Workspaces.resources.dll&quot;: Invalid argument (22)
rsync: [generator] recv_generator: failed to stat &quot;/home/site/wwwroot/ko\Microsoft.CodeAnalysis.CSharp.Workspaces.resources.dll&quot;: Invalid argument (22)
rsync: [generator] recv_generator: failed to stat &quot;/home/site/wwwroot/ru\Microsoft.CodeAnalysis.CSharp.resources.dll&quot;: Invalid argument (22)
rsync: [generator] recv_generator: failed to stat &quot;/home/site/wwwroot/runtimes\win\lib\net6.0\System.Security.Cryptography.ProtectedData.dll&quot;: Invalid argument (22)
rsync: [generator] recv_generator: failed to stat &quot;/home/site/wwwroot/zh-Hans\Microsoft.CodeAnalysis.CSharp.Workspaces.resources.dll&quot;: Invalid argument (22)
rsync error: some files/attrs were not transferred (see previous errors) (code 23) at main.c(1333) [sender=3.2.3]
rsync error: some files/attrs were not transferred (see previous errors) (code 23) at main.c(1333) [sender=3.2.3]
rsync error: some files/attrs were not transferred (see previous errors) (code 23) at main.c(1333) [sender=3.2.3]
rsync: [generator] recv_generator: failed to stat &quot;/home/site/wwwroot/de\Microsoft.CodeAnalysis.CSharp.Workspaces.resources.dll&quot;: Invalid argument (22)
rsync: [generator] recv_generator: failed to stat &quot;/home/site/wwwroot/it\Microsoft.CodeAnalysis.resources.dll&quot;: Invalid argument (22)
rsync: [generator] recv_generator: failed to stat &quot;/home/site/wwwroot/ja\Microsoft.CodeAnalysis.Workspaces.resources.dll&quot;: Invalid argument (22)
rsync: [generator] recv_generator: failed to stat &quot;/home/site/wwwroot/pl\Microsoft.CodeAnalysis.Workspaces.resources.dll&quot;: Invalid argument (22)
rsync: [generator] recv_generator: failed to stat &quot;/home/site/wwwroot/pl\Microsoft.CodeAnalysis.resources.dll&quot;: Invalid argument (22)
rsync: [generator] recv_generator: failed to stat &quot;/home/site/wwwroot/pt-BR\Microsoft.CodeAnalysis.CSharp.resources.dll&quot;: Invalid argument (22)
rsync: [generator] recv_generator: failed to stat &quot;/home/site/wwwroot/runtimes\win\lib\net6.0\Microsoft.Win32.SystemEvents.dll&quot;: Invalid argument (22)
rsync: [generator] recv_generator: failed to stat &quot;/home/site/wwwroot/tr\Microsoft.CodeAnalysis.CSharp.resources.dll&quot;: Invalid argument (22)
rsync error: some files/attrs were not transferred (see previous errors) (code 23) at main.c(1333) [sender=3.2.3]
rsync: [generator] recv_generator: failed to stat &quot;/home/site/wwwroot/cs\Microsoft.CodeAnalysis.CSharp.Workspaces.resources.dll&quot;: Invalid argument (22)
rsync: [generator] recv_generator: failed to stat &quot;/home/site/wwwroot/cs\Microsoft.CodeAnalysis.Workspaces.resources.dll&quot;: Invalid argument (22)
rsync: [generator] recv_generator: failed to stat &quot;/home/site/wwwroot/es\Microsoft.CodeAnalysis.CSharp.Workspaces.resources.dll&quot;: Invalid argument (22)
rsync: [generator] recv_generator: failed to stat &quot;/home/site/wwwroot/ko\Microsoft.CodeAnalysis.resources.dll&quot;: Invalid argument (22)
rsync: [generator] recv_generator: failed to stat &quot;/home/site/wwwroot/pt-BR\Microsoft.CodeAnalysis.resources.dll&quot;: Invalid argument (22)
rsync: [generator] recv_generator: failed to stat &quot;/home/site/wwwroot/ru\Microsoft.CodeAnalysis.CSharp.Workspaces.resources.dll&quot;: Invalid argument (22)
rsync: [generator] recv_generator: failed to stat &quot;/home/site/wwwroot/ru\Microsoft.CodeAnalysis.resources.dll&quot;: Invalid argument (22)
rsync: [generator] recv_generator: failed to stat &quot;/home/site/wwwroot/runtimes\win-x86\native\Microsoft.Data.SqlClient.SNI.dll&quot;: Invalid argument (22)
rsync: [generator] recv_generator: failed to stat &quot;/home/site/wwwroot/de\Microsoft.CodeAnalysis.CSharp.resources.dll&quot;: Invalid argument (22)
rsync: [generator] recv_generator: failed to stat &quot;/home/site/wwwroot/fr\Microsoft.CodeAnalysis.CSharp.resources.dll&quot;: Invalid argument (22)
rsync: [generator] recv_generator: failed to stat &quot;/home/site/wwwroot/it\Microsoft.CodeAnalysis.CSharp.Workspaces.resources.dll&quot;: Invalid argument (22)
rsync: [generator] recv_generator: failed to stat &quot;/home/site/wwwroot/ko\Microsoft.CodeAnalysis.CSharp.Workspaces.resources.dll&quot;: Invalid argument (22)
rsync: [generator] recv_generator: failed to stat &quot;/home/site/wwwroot/ru\Microsoft.CodeAnalysis.CSharp.resources.dll&quot;: Invalid argument (22)
rsync: [generator] recv_generator: failed to stat &quot;/home/site/wwwroot/runtimes\win\lib\net6.0\System.Security.Cryptography.ProtectedData.dll&quot;: Invalid argument (22)
rsync: [generator] recv_generator: failed to stat &quot;/home/site/wwwroot/zh-Hans\Microsoft.CodeAnalysis.CSharp.Workspaces.resources.dll&quot;: Invalid argument (22)
rsync error: some files/attrs were not transferred (see previous errors) (code 23) at main.c(1333) [sender=3.2.3]
rsync error: some files/attrs were not transferred (see previous errors) (code 23) at main.c(1333) [sender=3.2.3]
rsync error: some files/attrs were not transferred (see previous errors) (code 23) at main.c(1333) [sender=3.2.3]
rsync: [generator] recv_generator: failed to stat &quot;/home/site/wwwroot/cs\Microsoft.CodeAnalysis.CSharp.resources.dll&quot;: Invalid argument (22)
rsync: [generator] recv_generator: failed to stat &quot;/home/site/wwwroot/es\Microsoft.CodeAnalysis.resources.dll&quot;: Invalid argument (22)
rsync: [generator] recv_generator: failed to stat &quot;/home/site/wwwroot/pt-BR\Microsoft.CodeAnalysis.Workspaces.resources.dll&quot;: Invalid argument (22)
rsync: [generator] recv_generator: failed to stat &quot;/home/site/wwwroot/ru\Microsoft.CodeAnalysis.Workspaces.resources.dll&quot;: Invalid argument (22)
rsync: [generator] recv_generator: failed to stat &quot;/home/site/wwwroot/runtimes\unix\lib\net6.0\Microsoft.Data.SqlClient.dll&quot;: Invalid argument (22)
rsync: [generator] recv_generator: failed to stat &quot;/home/site/wwwroot/runtimes\win-arm\native\Microsoft.Data.SqlClient.SNI.dll&quot;: Invalid argument (22)
rsync: [generator] recv_generator: failed to stat &quot;/home/site/wwwroot/tr\Microsoft.CodeAnalysis.CSharp.Workspaces.resources.dll&quot;: Invalid argument (22)
rsync: [generator] recv_generator: failed to stat &quot;/home/site/wwwroot/tr\Microsoft.CodeAnalysis.Workspaces.resources.dll&quot;: Invalid argument (22)
rsync error: some files/attrs were not transferred (see previous errors) (code 23) at main.c(1333) [sender=3.2.3]
rsync error: some files/attrs were not transferred (see previous errors) (code 23) at main.c(1333) [sender=3.2.3]
rsync: [generator] recv_generator: failed to stat &quot;/home/site/wwwroot/it\Microsoft.CodeAnalysis.Workspaces.resources.dll&quot;: Invalid argument (22)
rsync: [generator] recv_generator: failed to stat &quot;/home/site/wwwroot/ja\Microsoft.CodeAnalysis.CSharp.Workspaces.resources.dll&quot;: Invalid argument (22)
rsync: [generator] recv_generator: failed to stat &quot;/home/site/wwwroot/ko\Microsoft.CodeAnalysis.CSharp.resources.dll&quot;: Invalid argument (22)
rsync: [generator] recv_generator: failed to stat &quot;/home/site/wwwroot/runtimes\win-arm64\native\Microsoft.Data.SqlClient.SNI.dll&quot;: Invalid argument (22)
rsync: [generator] recv_generator: failed to stat &quot;/home/site/wwwroot/runtimes\win\lib\net6.0\Microsoft.Data.SqlClient.dll&quot;: Invalid argument (22)
rsync: [generator] recv_generator: failed to stat &quot;/home/site/wwwroot/runtimes\win\lib\net6.0\System.Runtime.Caching.dll&quot;: Invalid argument (22)
rsync: [generator] recv_generator: failed to stat &quot;/home/site/wwwroot/zh-Hans\Microsoft.CodeAnalysis.Workspaces.resources.dll&quot;: Invalid argument (22)
rsync: [generator] recv_generator: failed to stat &quot;/home/site/wwwroot/zh-Hant\Microsoft.CodeAnalysis.CSharp.resources.dll&quot;: Invalid argument (22)
rsync error: some files/attrs were not transferred (see previous errors) (code 23) at main.c(1333) [sender=3.2.3]
rsync error: some files/attrs were not transferred (see previous errors) (code 23) at main.c(1333) [sender=3.2.3]
rsync: [generator] recv_generator: failed to stat &quot;/home/site/wwwroot/fr\Microsoft.CodeAnalysis.resources.dll&quot;: Invalid argument (22)
rsync: [generator] recv_generator: failed to stat &quot;/home/site/wwwroot/ja\Microsoft.CodeAnalysis.CSharp.resources.dll&quot;: Invalid argument (22)
rsync: [generator] recv_generator: failed to stat &quot;/home/site/wwwroot/pl\Microsoft.CodeAnalysis.CSharp.resources.dll&quot;: Invalid argument (22)
rsync: [generator] recv_generator: failed to stat &quot;/home/site/wwwroot/pt-BR\Microsoft.CodeAnalysis.CSharp.Workspaces.resources.dll&quot;: Invalid argument (22)
rsync: [generator] recv_generator: failed to stat &quot;/home/site/wwwroot/runtimes\win-x64\native\Microsoft.Data.SqlClient.SNI.dll&quot;: Invalid argument (22)
rsync: [generator] recv_generator: failed to stat &quot;/home/site/wwwroot/runtimes\win\lib\net6.0\System.Windows.Extensions.dll&quot;: Invalid argument (22)
rsync: [generator] recv_generator: failed to stat &quot;/home/site/wwwroot/tr\Microsoft.CodeAnalysis.resources.dll&quot;: Invalid argument (22)
rsync: [generator] recv_generator: failed to stat &quot;/home/site/wwwroot/zh-Hans\Microsoft.CodeAnalysis.CSharp.resources.dll&quot;: Invalid argument (22)
rsync: [generator] recv_generator: failed to stat &quot;/home/site/wwwroot/zh-Hant\Microsoft.CodeAnalysis.CSharp.Workspaces.resources.dll&quot;: Invalid argument (22)
rsync: [generator] recv_generator: failed to stat &quot;/home/site/wwwroot/zh-Hant\Microsoft.CodeAnalysis.resources.dll&quot;: Invalid argument (22)
rsync error: some files/attrs were not transferred (see previous errors) (code 23) at main.c(1333) [sender=3.2.3]
rsync error: some files/attrs were not transferred (see previous errors) (code 23) at main.c(1333) [sender=3.2.3]
rsync: [generator] recv_generator: failed to stat &quot;/home/site/wwwroot/cs\Microsoft.CodeAnalysis.resources.dll&quot;: Invalid argument (22)
rsync: [generator] recv_generator: failed to stat &quot;/home/site/wwwroot/de\Microsoft.CodeAnalysis.Workspaces.resources.dll&quot;: Invalid argument (22)
rsync: [generator] recv_generator: failed to stat &quot;/home/site/wwwroot/de\Microsoft.CodeAnalysis.resources.dll&quot;: Invalid argument (22)
rsync: [generator] recv_generator: failed to stat &quot;/home/site/wwwroot/es\Microsoft.CodeAnalysis.CSharp.resources.dll&quot;: Invalid argument (22)
rsync: [generator] recv_generator: failed to stat &quot;/home/site/wwwroot/ja\Microsoft.CodeAnalysis.resources.dll&quot;: Invalid argument (22)
rsync: [generator] recv_generator: failed to stat &quot;/home/site/wwwroot/ko\Microsoft.CodeAnalysis.Workspaces.resources.dll&quot;: Invalid argument (22)
rsync: [generator] recv_generator: failed to stat &quot;/home/site/wwwroot/pl\Microsoft.CodeAnalysis.CSharp.Workspaces.resources.dll&quot;: Invalid argument (22)
rsync: [generator] recv_generator: failed to stat &quot;/home/site/wwwroot/zh-Hant\Microsoft.CodeAnalysis.Workspaces.resources.dll&quot;: Invalid argument (22)
rsync error: some files/attrs were not transferred (see previous errors) (code 23) at main.c(1333) [sender=3.2.3]
rsync error: some files/attrs were not transferred (see previous errors) (code 23) at main.c(1333) [sender=3.2.3]
rsync: [generator] recv_generator: failed to stat &quot;/home/site/wwwroot/es\Microsoft.CodeAnalysis.Workspaces.resources.dll&quot;: Invalid argument (22)
rsync: [generator] recv_generator: failed to stat &quot;/home/site/wwwroot/fr\Microsoft.CodeAnalysis.CSharp.Workspaces.resources.dll&quot;: Invalid argument (22)
rsync: [generator] recv_generator: failed to stat &quot;/home/site/wwwroot/fr\Microsoft.CodeAnalysis.Workspaces.resources.dll&quot;: Invalid argument (22)
rsync: [generator] recv_generator: failed to stat &quot;/home/site/wwwroot/it\Microsoft.CodeAnalysis.CSharp.resources.dll&quot;: Invalid argument (22)
rsync: [generator] recv_generator: failed to stat &quot;/home/site/wwwroot/runtimes\unix\lib\net6.0\System.Drawing.Common.dll&quot;: Invalid argument (22)
rsync: [generator] recv_generator: failed to stat &quot;/home/site/wwwroot/runtimes\win\lib\net6.0\System.Drawing.Common.dll&quot;: Invalid argument (22)
rsync: [generator] recv_generator: failed to stat &quot;/home/site/wwwroot/zh-Hans\Microsoft.CodeAnalysis.resources.dll&quot;: Invalid argument (22)
rsync error: some files/attrs were not transferred (see previous errors) (code 23) at main.c(1333) [sender=3.2.3]
/opt/Kudu/Scripts/starter.sh /opt/Kudu/Scripts/parallel_rsync.sh /tmp/zipdeploy/extracted /home/site/wwwroot 8 /tmp/ False True  " stackTrace="   at Kudu.Core.Infrastructure.Executable.ExecuteInternal(ITracer tracer, Func`2 onWriteOutput, Func`2 onWriteError, CancellationToken token, Encoding encoding, String arguments, Object[] args) in /tmp/KuduLite/Kudu.Core/Infrastructure/Executable.cs:line 239
   at Kudu.Core.Infrastructure.Executable.ExecuteWithProgressWriter(ILogger logger, ITracer tracer, CancellationToken token, String arguments, Object[] args) in /tmp/KuduLite/Kudu.Core/Infrastructure/Executable.cs:line 118
   at Kudu.Core.Deployment.Generator.ExternalCommandBuilder.RunCommand(DeploymentContext context, String command, Boolean ignoreManifest, CancellationToken token, String message) in /tmp/KuduLite/Kudu.Core/Deployment/Generator/ExternalCommandBuilder.cs:line 122" /><!-- duration: 9ms -->
              <step title="Warning" date="2025-08-29T19:12:27.631" type="warning" text="Exception in parallel rsync: ExitCode: 123, Output: Run rsync from: /tmp/zipdeploy/extracted/ to: /home/site/wwwroot/ in 8 parallel threads
Delete options: clean=False, use manifest=True, directory to ignore=
Prev manifest = /opt/Kudu/Scripts/firstDeploymentManifest and next /home/site/deployments/af773f23-b5b1-4a45-b98a-5074abebef4a/manifest
Cleaning up /tmp//filelist.txt and /tmp//splits
Creating a list of all files at /tmp//filelist.txt
No directory to exclude.
Created /tmp//filelist.txt. Total number of files to be synced = 124.
Created batches from the list of files. Processing 16 files in each thread
Running rsync for filelist /tmp//splits/split.ab from /tmp/zipdeploy/extracted/ to /home/site/wwwroot/
Running rsync for filelist /tmp//splits/split.aa from /tmp/zipdeploy/extracted/ to /home/site/wwwroot/
Running rsync for filelist /tmp//splits/split.ae from /tmp/zipdeploy/extracted/ to /home/site/wwwroot/
Running rsync for filelist /tmp//splits/split.ad from /tmp/zipdeploy/extracted/ to /home/site/wwwroot/
Running rsync for filelist /tmp//splits/split.ac from /tmp/zipdeploy/extracted/ to /home/site/wwwroot/
Running rsync for filelist /tmp//splits/split.ag from /tmp/zipdeploy/extracted/ to /home/site/wwwroot/
Running rsync for filelist /tmp//splits/split.ah from /tmp/zipdeploy/extracted/ to /home/site/wwwroot/
Running rsync for filelist /tmp//splits/split.af from /tmp/zipdeploy/extracted/ to /home/site/wwwroot/

Number of files: 16 (reg: 16)
Number of created files: 8 (reg: 8)
Number of deleted files: 0
Number of regular files transferred: 8
Total file size: 2.26M bytes
Total transferred file size: 1.17M bytes
Literal data: 1.17M bytes
Matched data: 0 bytes
File list size: 0
File list generation time: 0.086 seconds
File list transfer time: 0.000 seconds
Total bytes sent: 424.12K
Total bytes received: 168

sent 424.12K bytes  received 168 bytes  121.23K bytes/sec
total size is 2.26M  speedup is 5.32
Attempt 1: Rsync for filelist /tmp//splits/split.ac completed with exit code 23

Number of files: 16 (reg: 16)
Number of created files: 9 (reg: 9)
Number of deleted files: 0
Number of regular files transferred: 9
Total file size: 2.08M bytes
Total transferred file size: 579.86K bytes
Literal data: 579.86K bytes
Matched data: 0 bytes
File list size: 0
File list generation time: 0.300 seconds
File list transfer time: 0.000 seconds
Total bytes sent: 249.35K
Total bytes received: 187

sent 249.35K bytes  received 187 bytes  71.30K bytes/sec
total size is 2.08M  speedup is 8.34
Attempt 1: Rsync for filelist /tmp//splits/split.af completed with exit code 23

Number of files: 12 (reg: 12)
Number of created files: 4 (reg: 4)
Number of deleted files: 0
Number of regular files transferred: 4
Total file size: 1.06M bytes
Total transferred file size: 389.62K bytes
Literal data: 389.62K bytes
Matched data: 0 bytes
File list size: 0
File list generation time: 0.019 seconds
File list transfer time: 0.000 seconds
Total bytes sent: 184.91K
Total bytes received: 92

sent 184.91K bytes  received 92 bytes  52.86K bytes/sec
total size is 1.06M  speedup is 5.72
Attempt 1: Rsync for filelist /tmp//splits/split.ah completed with exit code 23

Number of files: 16 (reg: 16)
Number of created files: 0
Number of deleted files: 0
Number of regular files transferred: 0
Total file size: 2.26M bytes
Total transferred file size: 0 bytes
Literal data: 0 bytes
Matched data: 0 bytes
File list size: 0
File list generation time: 0.431 seconds
File list transfer time: 0.000 seconds
Total bytes sent: 911
Total bytes received: 40

sent 911 bytes  received 40 bytes  634.00 bytes/sec
total size is 2.26M  speedup is 2,373.56
Attempt 2: Rsync for filelist /tmp//splits/split.ac completed with exit code 23

Number of files: 16 (reg: 16)
Number of created files: 0
Number of deleted files: 0
Number of regular files transferred: 0
Total file size: 2.08M bytes
Total transferred file size: 0 bytes
Literal data: 0 bytes
Matched data: 0 bytes
File list size: 0
File list generation time: 0.076 seconds
File list transfer time: 0.000 seconds
Total bytes sent: 923
Total bytes received: 43

sent 923 bytes  received 43 bytes  644.00 bytes/sec
total size is 2.08M  speedup is 2,154.83
Attempt 2: Rsync for filelist /tmp//splits/split.af completed with exit code 23

Number of files: 12 (reg: 12)
Number of created files: 0
Number of deleted files: 0
Number of regular files transferred: 0
Total file size: 1.06M bytes
Total transferred file size: 0 bytes
Literal data: 0 bytes
Matched data: 0 bytes
File list size: 0
File list generation time: 0.002 seconds
File list transfer time: 0.000 seconds
Total bytes sent: 704
Total bytes received: 28

sent 704 bytes  received 28 bytes  488.00 bytes/sec
total size is 1.06M  speedup is 1,444.92
Attempt 2: Rsync for filelist /tmp//splits/split.ah completed with exit code 23

Number of files: 16 (reg: 16)
Number of created files: 8 (reg: 8)
Number of deleted files: 0
Number of regular files transferred: 8
Total file size: 6.30M bytes
Total transferred file size: 3.76M bytes
Literal data: 3.76M bytes
Matched data: 0 bytes
File list size: 0
File list generation time: 0.357 seconds
File list transfer time: 0.000 seconds
Total bytes sent: 1.39M
Total bytes received: 168

sent 1.39M bytes  received 168 bytes  146.48K bytes/sec
total size is 6.30M  speedup is 4.53
Attempt 1: Rsync for filelist /tmp//splits/split.ab completed with exit code 23

Number of files: 16 (reg: 16)
Number of created files: 0
Number of deleted files: 0
Number of regular files transferred: 0
Total file size: 6.30M bytes
Total transferred file size: 0 bytes
Literal data: 0 bytes
Matched data: 0 bytes
File list size: 0
File list generation time: 0.039 seconds
File list transfer time: 0.000 seconds
Total bytes sent: 915
Total bytes received: 40

sent 915 bytes  received 40 bytes  636.67 bytes/sec
total size is 6.30M  speedup is 6,597.56
Attempt 2: Rsync for filelist /tmp//splits/split.ab completed with exit code 23

Number of files: 16 (reg: 16)
Number of created files: 8 (reg: 8)
Number of deleted files: 0
Number of regular files transferred: 8
Total file size: 6.26M bytes
Total transferred file size: 3.14M bytes
Literal data: 3.14M bytes
Matched data: 0 bytes
File list size: 0
File list generation time: 0.450 seconds
File list transfer time: 0.000 seconds
Total bytes sent: 1.07M
Total bytes received: 168

sent 1.07M bytes  received 168 bytes  112.28K bytes/sec
total size is 6.26M  speedup is 5.87
Attempt 1: Rsync for filelist /tmp//splits/split.ag completed with exit code 23

Number of files: 16 (reg: 16)
Number of created files: 0
Number of deleted files: 0
Number of regular files transferred: 0
Total file size: 6.26M bytes
Total transferred file size: 0 bytes
Literal data: 0 bytes
Matched data: 0 bytes
File list size: 0
File list generation time: 0.019 seconds
File list transfer time: 0.000 seconds
Total bytes sent: 923
Total bytes received: 40

sent 923 bytes  received 40 bytes  1.93K bytes/sec
total size is 6.26M  speedup is 6,502.16
Attempt 2: Rsync for filelist /tmp//splits/split.ag completed with exit code 23

Number of files: 16 (reg: 16)
Number of created files: 6 (reg: 6)
Number of deleted files: 0
Number of regular files transferred: 6
Total file size: 7.67M bytes
Total transferred file size: 5.70M bytes
Literal data: 5.70M bytes
Matched data: 0 bytes
File list size: 0
File list generation time: 0.002 seconds
File list transfer time: 0.000 seconds
Total bytes sent: 1.39M
Total bytes received: 130

sent 1.39M bytes  received 130 bytes  132.46K bytes/sec
total size is 7.67M  speedup is 5.52
Attempt 1: Rsync for filelist /tmp//splits/split.aa completed with exit code 23

Number of files: 16 (reg: 16)
Number of created files: 0
Number of deleted files: 0
Number of regular files transferred: 0
Total file size: 7.67M bytes
Total transferred file size: 0 bytes
Literal data: 0 bytes
Matched data: 0 bytes
File list size: 0
File list generation time: 0.168 seconds
File list transfer time: 0.000 seconds
Total bytes sent: 961
Total bytes received: 34

sent 961 bytes  received 34 bytes  1.99K bytes/sec
total size is 7.67M  speedup is 7,713.35
Attempt 2: Rsync for filelist /tmp//splits/split.aa completed with exit code 23

Number of files: 16 (reg: 16)
Number of created files: 8 (reg: 8)
Number of deleted files: 0
Number of regular files transferred: 8
Total file size: 5.24M bytes
Total transferred file size: 4.52M bytes
Literal data: 4.52M bytes
Matched data: 0 bytes
File list size: 0
File list generation time: 0.327 seconds
File list transfer time: 0.000 seconds
Total bytes sent: 1.70M
Total bytes received: 168

sent 1.70M bytes  received 168 bytes  147.52K bytes/sec
total size is 5.24M  speedup is 3.09
Attempt 1: Rsync for filelist /tmp//splits/split.ae completed with exit code 23

Number of files: 16 (reg: 16)
Number of created files: 0
Number of deleted files: 0
Number of regular files transferred: 0
Total file size: 5.24M bytes
Total transferred file size: 0 bytes
Literal data: 0 bytes
Matched data: 0 bytes
File list size: 0
File list generation time: 0.071 seconds
File list transfer time: 0.000 seconds
Total bytes sent: 819
Total bytes received: 40

sent 819 bytes  received 40 bytes  1.72K bytes/sec
total size is 5.24M  speedup is 6,099.95
Attempt 2: Rsync for filelist /tmp//splits/split.ae completed with exit code 23

Number of files: 16 (reg: 16)
Number of created files: 9 (reg: 9)
Number of deleted files: 0
Number of regular files transferred: 9
Total file size: 11.23M bytes
Total transferred file size: 9.77M bytes
Literal data: 9.77M bytes
Matched data: 0 bytes
File list size: 0
File list generation time: 0.168 seconds
File list transfer time: 0.000 seconds
Total bytes sent: 3.54M
Total bytes received: 187

sent 3.54M bytes  received 187 bytes  244.07K bytes/sec
total size is 11.23M  speedup is 3.17
Attempt 1: Rsync for filelist /tmp//splits/split.ad completed with exit code 23

Number of files: 16 (reg: 16)
Number of created files: 0
Number of deleted files: 0
Number of regular files transferred: 0
Total file size: 11.23M bytes
Total transferred file size: 0 bytes
Literal data: 0 bytes
Matched data: 0 bytes
File list size: 0
File list generation time: 0.140 seconds
File list transfer time: 0.000 seconds
Total bytes sent: 899
Total bytes received: 43

sent 899 bytes  received 43 bytes  628.00 bytes/sec
total size is 11.23M  speedup is 11,924.18
Attempt 2: Rsync for filelist /tmp//splits/split.ad completed with exit code 23
An error has occurred during web site deployment.
Rsync failed in 16 seconds, Error: rsync: [generator] recv_generator: failed to stat &quot;/home/site/wwwroot/fr\Microsoft.CodeAnalysis.resources.dll&quot;: Invalid argument (22)
rsync: [generator] recv_generator: failed to stat &quot;/home/site/wwwroot/ja\Microsoft.CodeAnalysis.CSharp.resources.dll&quot;: Invalid argument (22)
rsync: [generator] recv_generator: failed to stat &quot;/home/site/wwwroot/pl\Microsoft.CodeAnalysis.CSharp.resources.dll&quot;: Invalid argument (22)
rsync: [generator] recv_generator: failed to stat &quot;/home/site/wwwroot/pt-BR\Microsoft.CodeAnalysis.CSharp.Workspaces.resources.dll&quot;: Invalid argument (22)
rsync: [generator] recv_generator: failed to stat &quot;/home/site/wwwroot/runtimes\win-x64\native\Microsoft.Data.SqlClient.SNI.dll&quot;: Invalid argument (22)
rsync: [generator] recv_generator: failed to stat &quot;/home/site/wwwroot/runtimes\win\lib\net6.0\System.Windows.Extensions.dll&quot;: Invalid argument (22)
rsync: [generator] recv_generator: failed to stat &quot;/home/site/wwwroot/tr\Microsoft.CodeAnalysis.resources.dll&quot;: Invalid argument (22)
rsync: [generator] recv_generator: failed to stat &quot;/home/site/wwwroot/zh-Hans\Microsoft.CodeAnalysis.CSharp.resources.dll&quot;: Invalid argument (22)
rsync: [generator] recv_generator: failed to stat &quot;/home/site/wwwroot/zh-Hant\Microsoft.CodeAnalysis.CSharp.Workspaces.resources.dll&quot;: Invalid argument (22)
rsync: [generator] recv_generator: failed to stat &quot;/home/site/wwwroot/zh-Hant\Microsoft.CodeAnalysis.resources.dll&quot;: Invalid argument (22)
rsync: [generator] recv_generator: failed to stat &quot;/home/site/wwwroot/cs\Microsoft.CodeAnalysis.CSharp.resources.dll&quot;: Invalid argument (22)
rsync: [generator] recv_generator: failed to stat &quot;/home/site/wwwroot/es\Microsoft.CodeAnalysis.resources.dll&quot;: Invalid argument (22)
rsync: [generator] recv_generator: failed to stat &quot;/home/site/wwwroot/pt-BR\Microsoft.CodeAnalysis.Workspaces.resources.dll&quot;: Invalid argument (22)
rsync: [generator] recv_generator: failed to stat &quot;/home/site/wwwroot/ru\Microsoft.CodeAnalysis.Workspaces.resources.dll&quot;: Invalid argument (22)
rsync: [generator] recv_generator: failed to stat &quot;/home/site/wwwroot/runtimes\unix\lib\net6.0\Microsoft.Data.SqlClient.dll&quot;: Invalid argument (22)
rsync: [generator] recv_generator: failed to stat &quot;/home/site/wwwroot/runtimes\win-arm\native\Microsoft.Data.SqlClient.SNI.dll&quot;: Invalid argument (22)
rsync: [generator] recv_generator: failed to stat &quot;/home/site/wwwroot/tr\Microsoft.CodeAnalysis.CSharp.Workspaces.resources.dll&quot;: Invalid argument (22)
rsync: [generator] recv_generator: failed to stat &quot;/home/site/wwwroot/tr\Microsoft.CodeAnalysis.Workspaces.resources.dll&quot;: Invalid argument (22)
rsync: [generator] recv_generator: failed to stat &quot;/home/site/wwwroot/es\Microsoft.CodeAnalysis.Workspaces.resources.dll&quot;: Invalid argument (22)
rsync: [generator] recv_generator: failed to stat &quot;/home/site/wwwroot/fr\Microsoft.CodeAnalysis.CSharp.Workspaces.resources.dll&quot;: Invalid argument (22)
rsync: [generator] recv_generator: failed to stat &quot;/home/site/wwwroot/fr\Microsoft.CodeAnalysis.Workspaces.resources.dll&quot;: Invalid argument (22)
rsync: [generator] recv_generator: failed to stat &quot;/home/site/wwwroot/it\Microsoft.CodeAnalysis.CSharp.resources.dll&quot;: Invalid argument (22)
rsync: [generator] recv_generator: failed to stat &quot;/home/site/wwwroot/runtimes\unix\lib\net6.0\System.Drawing.Common.dll&quot;: Invalid argument (22)
rsync: [generator] recv_generator: failed to stat &quot;/home/site/wwwroot/runtimes\win\lib\net6.0\System.Drawing.Common.dll&quot;: Invalid argument (22)
rsync: [generator] recv_generator: failed to stat &quot;/home/site/wwwroot/zh-Hans\Microsoft.CodeAnalysis.resources.dll&quot;: Invalid argument (22)
rsync: [generator] recv_generator: failed to stat &quot;/home/site/wwwroot/de\Microsoft.CodeAnalysis.CSharp.Workspaces.resources.dll&quot;: Invalid argument (22)
rsync: [generator] recv_generator: failed to stat &quot;/home/site/wwwroot/it\Microsoft.CodeAnalysis.resources.dll&quot;: Invalid argument (22)
rsync: [generator] recv_generator: failed to stat &quot;/home/site/wwwroot/ja\Microsoft.CodeAnalysis.Workspaces.resources.dll&quot;: Invalid argument (22)
rsync: [generator] recv_generator: failed to stat &quot;/home/site/wwwroot/pl\Microsoft.CodeAnalysis.Workspaces.resources.dll&quot;: Invalid argument (22)
rsync: [generator] recv_generator: failed to stat &quot;/home/site/wwwroot/pl\Microsoft.CodeAnalysis.resources.dll&quot;: Invalid argument (22)
rsync: [generator] recv_generator: failed to stat &quot;/home/site/wwwroot/pt-BR\Microsoft.CodeAnalysis.CSharp.resources.dll&quot;: Invalid argument (22)
rsync: [generator] recv_generator: failed to stat &quot;/home/site/wwwroot/runtimes\win\lib\net6.0\Microsoft.Win32.SystemEvents.dll&quot;: Invalid argument (22)
rsync: [generator] recv_generator: failed to stat &quot;/home/site/wwwroot/tr\Microsoft.CodeAnalysis.CSharp.resources.dll&quot;: Invalid argument (22)
rsync: [generator] recv_generator: failed to stat &quot;/home/site/wwwroot/cs\Microsoft.CodeAnalysis.resources.dll&quot;: Invalid argument (22)
rsync: [generator] recv_generator: failed to stat &quot;/home/site/wwwroot/de\Microsoft.CodeAnalysis.Workspaces.resources.dll&quot;: Invalid argument (22)
rsync: [generator] recv_generator: failed to stat &quot;/home/site/wwwroot/de\Microsoft.CodeAnalysis.resources.dll&quot;: Invalid argument (22)
rsync: [generator] recv_generator: failed to stat &quot;/home/site/wwwroot/es\Microsoft.CodeAnalysis.CSharp.resources.dll&quot;: Invalid argument (22)
rsync: [generator] recv_generator: failed to stat &quot;/home/site/wwwroot/ja\Microsoft.CodeAnalysis.resources.dll&quot;: Invalid argument (22)
rsync: [generator] recv_generator: failed to stat &quot;/home/site/wwwroot/ko\Microsoft.CodeAnalysis.Workspaces.resources.dll&quot;: Invalid argument (22)
rsync: [generator] recv_generator: failed to stat &quot;/home/site/wwwroot/pl\Microsoft.CodeAnalysis.CSharp.Workspaces.resources.dll&quot;: Invalid argument (22)
rsync: [generator] recv_generator: failed to stat &quot;/home/site/wwwroot/cs\Microsoft.CodeAnalysis.CSharp.Workspaces.resources.dll&quot;: Invalid argument (22)
rsync: [generator] recv_generator: failed to stat &quot;/home/site/wwwroot/cs\Microsoft.CodeAnalysis.Workspaces.resources.dll&quot;: Invalid argument (22)
rsync: [generator] recv_generator: failed to stat &quot;/home/site/wwwroot/es\Microsoft.CodeAnalysis.CSharp.Workspaces.resources.dll&quot;: Invalid argument (22)
rsync: [generator] recv_generator: failed to stat &quot;/home/site/wwwroot/ko\Microsoft.CodeAnalysis.resources.dll&quot;: Invalid argument (22)
rsync: [generator] recv_generator: failed to stat &quot;/home/site/wwwroot/pt-BR\Microsoft.CodeAnalysis.resources.dll&quot;: Invalid argument (22)
rsync: [generator] recv_generator: failed to stat &quot;/home/site/wwwroot/ru\Microsoft.CodeAnalysis.CSharp.Workspaces.resources.dll&quot;: Invalid argument (22)
rsync: [generator] recv_generator: failed to stat &quot;/home/site/wwwroot/ru\Microsoft.CodeAnalysis.resources.dll&quot;: Invalid argument (22)
rsync: [generator] recv_generator: failed to stat &quot;/home/site/wwwroot/runtimes\win-x86\native\Microsoft.Data.SqlClient.SNI.dll&quot;: Invalid argument (22)
rsync: [generator] recv_generator: failed to stat &quot;/home/site/wwwroot/it\Microsoft.CodeAnalysis.Workspaces.resources.dll&quot;: Invalid argument (22)
rsync: [generator] recv_generator: failed to stat &quot;/home/site/wwwroot/ja\Microsoft.CodeAnalysis.CSharp.Workspaces.resources.dll&quot;: Invalid argument (22)
rsync: [generator] recv_generator: failed to stat &quot;/home/site/wwwroot/ko\Microsoft.CodeAnalysis.CSharp.resources.dll&quot;: Invalid argument (22)
rsync: [generator] recv_generator: failed to stat &quot;/home/site/wwwroot/runtimes\win-arm64\native\Microsoft.Data.SqlClient.SNI.dll&quot;: Invalid argument (22)
rsync: [generator] recv_generator: failed to stat &quot;/home/site/wwwroot/runtimes\win\lib\net6.0\Microsoft.Data.SqlClient.dll&quot;: Invalid argument (22)
rsync: [generator] recv_generator: failed to stat &quot;/home/site/wwwroot/runtimes\win\lib\net6.0\System.Runtime.Caching.dll&quot;: Invalid argument (22)
rsync: [generator] recv_generator: failed to stat &quot;/home/site/wwwroot/zh-Hans\Microsoft.CodeAnalysis.Workspaces.resources.dll&quot;: Invalid argument (22)
rsync: [generator] recv_generator: failed to stat &quot;/home/site/wwwroot/zh-Hant\Microsoft.CodeAnalysis.CSharp.resources.dll&quot;: Invalid argument (22)
rsync: [generator] recv_generator: failed to stat &quot;/home/site/wwwroot/zh-Hant\Microsoft.CodeAnalysis.Workspaces.resources.dll&quot;: Invalid argument (22)
rsync: [generator] recv_generator: failed to stat &quot;/home/site/wwwroot/de\Microsoft.CodeAnalysis.CSharp.resources.dll&quot;: Invalid argument (22)
rsync: [generator] recv_generator: failed to stat &quot;/home/site/wwwroot/fr\Microsoft.CodeAnalysis.CSharp.resources.dll&quot;: Invalid argument (22)
rsync: [generator] recv_generator: failed to stat &quot;/home/site/wwwroot/it\Microsoft.CodeAnalysis.CSharp.Workspaces.resources.dll&quot;: Invalid argument (22)
rsync: [generator] recv_generator: failed to stat &quot;/home/site/wwwroot/ko\Microsoft.CodeAnalysis.CSharp.Workspaces.resources.dll&quot;: Invalid argument (22)
rsync: [generator] recv_generator: failed to stat &quot;/home/site/wwwroot/ru\Microsoft.CodeAnalysis.CSharp.resources.dll&quot;: Invalid argument (22)
rsync: [generator] recv_generator: failed to stat &quot;/home/site/wwwroot/runtimes\win\lib\net6.0\System.Security.Cryptography.ProtectedData.dll&quot;: Invalid argument (22)
rsync: [generator] recv_generator: failed to stat &quot;/home/site/wwwroot/zh-Hans\Microsoft.CodeAnalysis.CSharp.Workspaces.resources.dll&quot;: Invalid argument (22)
rsync error: some files/attrs were not transferred (see previous errors) (code 23) at main.c(1333) [sender=3.2.3]
rsync error: some files/attrs were not transferred (see previous errors) (code 23) at main.c(1333) [sender=3.2.3]
rsync error: some files/attrs were not transferred (see previous errors) (code 23) at main.c(1333) [sender=3.2.3]
rsync: [generator] recv_generator: failed to stat &quot;/home/site/wwwroot/de\Microsoft.CodeAnalysis.CSharp.Workspaces.resources.dll&quot;: Invalid argument (22)
rsync: [generator] recv_generator: failed to stat &quot;/home/site/wwwroot/it\Microsoft.CodeAnalysis.resources.dll&quot;: Invalid argument (22)
rsync: [generator] recv_generator: failed to stat &quot;/home/site/wwwroot/ja\Microsoft.CodeAnalysis.Workspaces.resources.dll&quot;: Invalid argument (22)
rsync: [generator] recv_generator: failed to stat &quot;/home/site/wwwroot/pl\Microsoft.CodeAnalysis.Workspaces.resources.dll&quot;: Invalid argument (22)
rsync: [generator] recv_generator: failed to stat &quot;/home/site/wwwroot/pl\Microsoft.CodeAnalysis.resources.dll&quot;: Invalid argument (22)
rsync: [generator] recv_generator: failed to stat &quot;/home/site/wwwroot/pt-BR\Microsoft.CodeAnalysis.CSharp.resources.dll&quot;: Invalid argument (22)
rsync: [generator] recv_generator: failed to stat &quot;/home/site/wwwroot/runtimes\win\lib\net6.0\Microsoft.Win32.SystemEvents.dll&quot;: Invalid argument (22)
rsync: [generator] recv_generator: failed to stat &quot;/home/site/wwwroot/tr\Microsoft.CodeAnalysis.CSharp.resources.dll&quot;: Invalid argument (22)
rsync error: some files/attrs were not transferred (see previous errors) (code 23) at main.c(1333) [sender=3.2.3]
rsync: [generator] recv_generator: failed to stat &quot;/home/site/wwwroot/cs\Microsoft.CodeAnalysis.CSharp.Workspaces.resources.dll&quot;: Invalid argument (22)
rsync: [generator] recv_generator: failed to stat &quot;/home/site/wwwroot/cs\Microsoft.CodeAnalysis.Workspaces.resources.dll&quot;: Invalid argument (22)
rsync: [generator] recv_generator: failed to stat &quot;/home/site/wwwroot/es\Microsoft.CodeAnalysis.CSharp.Workspaces.resources.dll&quot;: Invalid argument (22)
rsync: [generator] recv_generator: failed to stat &quot;/home/site/wwwroot/ko\Microsoft.CodeAnalysis.resources.dll&quot;: Invalid argument (22)
rsync: [generator] recv_generator: failed to stat &quot;/home/site/wwwroot/pt-BR\Microsoft.CodeAnalysis.resources.dll&quot;: Invalid argument (22)
rsync: [generator] recv_generator: failed to stat &quot;/home/site/wwwroot/ru\Microsoft.CodeAnalysis.CSharp.Workspaces.resources.dll&quot;: Invalid argument (22)
rsync: [generator] recv_generator: failed to stat &quot;/home/site/wwwroot/ru\Microsoft.CodeAnalysis.resources.dll&quot;: Invalid argument (22)
rsync: [generator] recv_generator: failed to stat &quot;/home/site/wwwroot/runtimes\win-x86\native\Microsoft.Data.SqlClient.SNI.dll&quot;: Invalid argument (22)
rsync: [generator] recv_generator: failed to stat &quot;/home/site/wwwroot/de\Microsoft.CodeAnalysis.CSharp.resources.dll&quot;: Invalid argument (22)
rsync: [generator] recv_generator: failed to stat &quot;/home/site/wwwroot/fr\Microsoft.CodeAnalysis.CSharp.resources.dll&quot;: Invalid argument (22)
rsync: [generator] recv_generator: failed to stat &quot;/home/site/wwwroot/it\Microsoft.CodeAnalysis.CSharp.Workspaces.resources.dll&quot;: Invalid argument (22)
rsync: [generator] recv_generator: failed to stat &quot;/home/site/wwwroot/ko\Microsoft.CodeAnalysis.CSharp.Workspaces.resources.dll&quot;: Invalid argument (22)
rsync: [generator] recv_generator: failed to stat &quot;/home/site/wwwroot/ru\Microsoft.CodeAnalysis.CSharp.resources.dll&quot;: Invalid argument (22)
rsync: [generator] recv_generator: failed to stat &quot;/home/site/wwwroot/runtimes\win\lib\net6.0\System.Security.Cryptography.ProtectedData.dll&quot;: Invalid argument (22)
rsync: [generator] recv_generator: failed to stat &quot;/home/site/wwwroot/zh-Hans\Microsoft.CodeAnalysis.CSharp.Workspaces.resources.dll&quot;: Invalid argument (22)
rsync error: some files/attrs were not transferred (see previous errors) (code 23) at main.c(1333) [sender=3.2.3]
rsync error: some files/attrs were not transferred (see previous errors) (code 23) at main.c(1333) [sender=3.2.3]
rsync error: some files/attrs were not transferred (see previous errors) (code 23) at main.c(1333) [sender=3.2.3]
rsync: [generator] recv_generator: failed to stat &quot;/home/site/wwwroot/cs\Microsoft.CodeAnalysis.CSharp.resources.dll&quot;: Invalid argument (22)
rsync: [generator] recv_generator: failed to stat &quot;/home/site/wwwroot/es\Microsoft.CodeAnalysis.resources.dll&quot;: Invalid argument (22)
rsync: [generator] recv_generator: failed to stat &quot;/home/site/wwwroot/pt-BR\Microsoft.CodeAnalysis.Workspaces.resources.dll&quot;: Invalid argument (22)
rsync: [generator] recv_generator: failed to stat &quot;/home/site/wwwroot/ru\Microsoft.CodeAnalysis.Workspaces.resources.dll&quot;: Invalid argument (22)
rsync: [generator] recv_generator: failed to stat &quot;/home/site/wwwroot/runtimes\unix\lib\net6.0\Microsoft.Data.SqlClient.dll&quot;: Invalid argument (22)
rsync: [generator] recv_generator: failed to stat &quot;/home/site/wwwroot/runtimes\win-arm\native\Microsoft.Data.SqlClient.SNI.dll&quot;: Invalid argument (22)
rsync: [generator] recv_generator: failed to stat &quot;/home/site/wwwroot/tr\Microsoft.CodeAnalysis.CSharp.Workspaces.resources.dll&quot;: Invalid argument (22)
rsync: [generator] recv_generator: failed to stat &quot;/home/site/wwwroot/tr\Microsoft.CodeAnalysis.Workspaces.resources.dll&quot;: Invalid argument (22)
rsync error: some files/attrs were not transferred (see previous errors) (code 23) at main.c(1333) [sender=3.2.3]
rsync error: some files/attrs were not transferred (see previous errors) (code 23) at main.c(1333) [sender=3.2.3]
rsync: [generator] recv_generator: failed to stat &quot;/home/site/wwwroot/it\Microsoft.CodeAnalysis.Workspaces.resources.dll&quot;: Invalid argument (22)
rsync: [generator] recv_generator: failed to stat &quot;/home/site/wwwroot/ja\Microsoft.CodeAnalysis.CSharp.Workspaces.resources.dll&quot;: Invalid argument (22)
rsync: [generator] recv_generator: failed to stat &quot;/home/site/wwwroot/ko\Microsoft.CodeAnalysis.CSharp.resources.dll&quot;: Invalid argument (22)
rsync: [generator] recv_generator: failed to stat &quot;/home/site/wwwroot/runtimes\win-arm64\native\Microsoft.Data.SqlClient.SNI.dll&quot;: Invalid argument (22)
rsync: [generator] recv_generator: failed to stat &quot;/home/site/wwwroot/runtimes\win\lib\net6.0\Microsoft.Data.SqlClient.dll&quot;: Invalid argument (22)
rsync: [generator] recv_generator: failed to stat &quot;/home/site/wwwroot/runtimes\win\lib\net6.0\System.Runtime.Caching.dll&quot;: Invalid argument (22)
rsync: [generator] recv_generator: failed to stat &quot;/home/site/wwwroot/zh-Hans\Microsoft.CodeAnalysis.Workspaces.resources.dll&quot;: Invalid argument (22)
rsync: [generator] recv_generator: failed to stat &quot;/home/site/wwwroot/zh-Hant\Microsoft.CodeAnalysis.CSharp.resources.dll&quot;: Invalid argument (22)
rsync error: some files/attrs were not transferred (see previous errors) (code 23) at main.c(1333) [sender=3.2.3]
rsync error: some files/attrs were not transferred (see previous errors) (code 23) at main.c(1333) [sender=3.2.3]
rsync: [generator] recv_generator: failed to stat &quot;/home/site/wwwroot/fr\Microsoft.CodeAnalysis.resources.dll&quot;: Invalid argument (22)
rsync: [generator] recv_generator: failed to stat &quot;/home/site/wwwroot/ja\Microsoft.CodeAnalysis.CSharp.resources.dll&quot;: Invalid argument (22)
rsync: [generator] recv_generator: failed to stat &quot;/home/site/wwwroot/pl\Microsoft.CodeAnalysis.CSharp.resources.dll&quot;: Invalid argument (22)
rsync: [generator] recv_generator: failed to stat &quot;/home/site/wwwroot/pt-BR\Microsoft.CodeAnalysis.CSharp.Workspaces.resources.dll&quot;: Invalid argument (22)
rsync: [generator] recv_generator: failed to stat &quot;/home/site/wwwroot/runtimes\win-x64\native\Microsoft.Data.SqlClient.SNI.dll&quot;: Invalid argument (22)
rsync: [generator] recv_generator: failed to stat &quot;/home/site/wwwroot/runtimes\win\lib\net6.0\System.Windows.Extensions.dll&quot;: Invalid argument (22)
rsync: [generator] recv_generator: failed to stat &quot;/home/site/wwwroot/tr\Microsoft.CodeAnalysis.resources.dll&quot;: Invalid argument (22)
rsync: [generator] recv_generator: failed to stat &quot;/home/site/wwwroot/zh-Hans\Microsoft.CodeAnalysis.CSharp.resources.dll&quot;: Invalid argument (22)
rsync: [generator] recv_generator: failed to stat &quot;/home/site/wwwroot/zh-Hant\Microsoft.CodeAnalysis.CSharp.Workspaces.resources.dll&quot;: Invalid argument (22)
rsync: [generator] recv_generator: failed to stat &quot;/home/site/wwwroot/zh-Hant\Microsoft.CodeAnalysis.resources.dll&quot;: Invalid argument (22)
rsync error: some files/attrs were not transferred (see previous errors) (code 23) at main.c(1333) [sender=3.2.3]
rsync error: some files/attrs were not transferred (see previous errors) (code 23) at main.c(1333) [sender=3.2.3]
rsync: [generator] recv_generator: failed to stat &quot;/home/site/wwwroot/cs\Microsoft.CodeAnalysis.resources.dll&quot;: Invalid argument (22)
rsync: [generator] recv_generator: failed to stat &quot;/home/site/wwwroot/de\Microsoft.CodeAnalysis.Workspaces.resources.dll&quot;: Invalid argument (22)
rsync: [generator] recv_generator: failed to stat &quot;/home/site/wwwroot/de\Microsoft.CodeAnalysis.resources.dll&quot;: Invalid argument (22)
rsync: [generator] recv_generator: failed to stat &quot;/home/site/wwwroot/es\Microsoft.CodeAnalysis.CSharp.resources.dll&quot;: Invalid argument (22)
rsync: [generator] recv_generator: failed to stat &quot;/home/site/wwwroot/ja\Microsoft.CodeAnalysis.resources.dll&quot;: Invalid argument (22)
rsync: [generator] recv_generator: failed to stat &quot;/home/site/wwwroot/ko\Microsoft.CodeAnalysis.Workspaces.resources.dll&quot;: Invalid argument (22)
rsync: [generator] recv_generator: failed to stat &quot;/home/site/wwwroot/pl\Microsoft.CodeAnalysis.CSharp.Workspaces.resources.dll&quot;: Invalid argument (22)
rsync: [generator] recv_generator: failed to stat &quot;/home/site/wwwroot/zh-Hant\Microsoft.CodeAnalysis.Workspaces.resources.dll&quot;: Invalid argument (22)
rsync error: some files/attrs were not transferred (see previous errors) (code 23) at main.c(1333) [sender=3.2.3]
rsync error: some files/attrs were not transferred (see previous errors) (code 23) at main.c(1333) [sender=3.2.3]
rsync: [generator] recv_generator: failed to stat &quot;/home/site/wwwroot/es\Microsoft.CodeAnalysis.Workspaces.resources.dll&quot;: Invalid argument (22)
rsync: [generator] recv_generator: failed to stat &quot;/home/site/wwwroot/fr\Microsoft.CodeAnalysis.CSharp.Workspaces.resources.dll&quot;: Invalid argument (22)
rsync: [generator] recv_generator: failed to stat &quot;/home/site/wwwroot/fr\Microsoft.CodeAnalysis.Workspaces.resources.dll&quot;: Invalid argument (22)
rsync: [generator] recv_generator: failed to stat &quot;/home/site/wwwroot/it\Microsoft.CodeAnalysis.CSharp.resources.dll&quot;: Invalid argument (22)
rsync: [generator] recv_generator: failed to stat &quot;/home/site/wwwroot/runtimes\unix\lib\net6.0\System.Drawing.Common.dll&quot;: Invalid argument (22)
rsync: [generator] recv_generator: failed to stat &quot;/home/site/wwwroot/runtimes\win\lib\net6.0\System.Drawing.Common.dll&quot;: Invalid argument (22)
rsync: [generator] recv_generator: failed to stat &quot;/home/site/wwwroot/zh-Hans\Microsoft.CodeAnalysis.resources.dll&quot;: Invalid argument (22)
rsync error: some files/attrs were not transferred (see previous errors) (code 23) at main.c(1333) [sender=3.2.3], Kudu.Core.Infrastructure.CommandLineException: rsync: [generator] recv_generator: failed to stat &quot;/home/site/wwwroot/fr\Microsoft.CodeAnalysis.resources.dll&quot;: Invalid argument (22)
rsync: [generator] recv_generator: failed to stat &quot;/home/site/wwwroot/ja\Microsoft.CodeAnalysis.CSharp.resources.dll&quot;: Invalid argument (22)
rsync: [generator] recv_generator: failed to stat &quot;/home/site/wwwroot/pl\Microsoft.CodeAnalysis.CSharp.resources.dll&quot;: Invalid argument (22)
rsync: [generator] recv_generator: failed to stat &quot;/home/site/wwwroot/pt-BR\Microsoft.CodeAnalysis.CSharp.Workspaces.resources.dll&quot;: Invalid argument (22)
rsync: [generator] recv_generator: failed to stat &quot;/home/site/wwwroot/runtimes\win-x64\native\Microsoft.Data.SqlClient.SNI.dll&quot;: Invalid argument (22)
rsync: [generator] recv_generator: failed to stat &quot;/home/site/wwwroot/runtimes\win\lib\net6.0\System.Windows.Extensions.dll&quot;: Invalid argument (22)
rsync: [generator] recv_generator: failed to stat &quot;/home/site/wwwroot/tr\Microsoft.CodeAnalysis.resources.dll&quot;: Invalid argument (22)
rsync: [generator] recv_generator: failed to stat &quot;/home/site/wwwroot/zh-Hans\Microsoft.CodeAnalysis.CSharp.resources.dll&quot;: Invalid argument (22)
rsync: [generator] recv_generator: failed to stat &quot;/home/site/wwwroot/zh-Hant\Microsoft.CodeAnalysis.CSharp.Workspaces.resources.dll&quot;: Invalid argument (22)
rsync: [generator] recv_generator: failed to stat &quot;/home/site/wwwroot/zh-Hant\Microsoft.CodeAnalysis.resources.dll&quot;: Invalid argument (22)
rsync: [generator] recv_generator: failed to stat &quot;/home/site/wwwroot/cs\Microsoft.CodeAnalysis.CSharp.resources.dll&quot;: Invalid argument (22)
rsync: [generator] recv_generator: failed to stat &quot;/home/site/wwwroot/es\Microsoft.CodeAnalysis.resources.dll&quot;: Invalid argument (22)
rsync: [generator] recv_generator: failed to stat &quot;/home/site/wwwroot/pt-BR\Microsoft.CodeAnalysis.Workspaces.resources.dll&quot;: Invalid argument (22)
rsync: [generator] recv_generator: failed to stat &quot;/home/site/wwwroot/ru\Microsoft.CodeAnalysis.Workspaces.resources.dll&quot;: Invalid argument (22)
rsync: [generator] recv_generator: failed to stat &quot;/home/site/wwwroot/runtimes\unix\lib\net6.0\Microsoft.Data.SqlClient.dll&quot;: Invalid argument (22)
rsync: [generator] recv_generator: failed to stat &quot;/home/site/wwwroot/runtimes\win-arm\native\Microsoft.Data.SqlClient.SNI.dll&quot;: Invalid argument (22)
rsync: [generator] recv_generator: failed to stat &quot;/home/site/wwwroot/tr\Microsoft.CodeAnalysis.CSharp.Workspaces.resources.dll&quot;: Invalid argument (22)
rsync: [generator] recv_generator: failed to stat &quot;/home/site/wwwroot/tr\Microsoft.CodeAnalysis.Workspaces.resources.dll&quot;: Invalid argument (22)
rsync: [generator] recv_generator: failed to stat &quot;/home/site/wwwroot/es\Microsoft.CodeAnalysis.Workspaces.resources.dll&quot;: Invalid argument (22)
rsync: [generator] recv_generator: failed to stat &quot;/home/site/wwwroot/fr\Microsoft.CodeAnalysis.CSharp.Workspaces.resources.dll&quot;: Invalid argument (22)
rsync: [generator] recv_generator: failed to stat &quot;/home/site/wwwroot/fr\Microsoft.CodeAnalysis.Workspaces.resources.dll&quot;: Invalid argument (22)
rsync: [generator] recv_generator: failed to stat &quot;/home/site/wwwroot/it\Microsoft.CodeAnalysis.CSharp.resources.dll&quot;: Invalid argument (22)
rsync: [generator] recv_generator: failed to stat &quot;/home/site/wwwroot/runtimes\unix\lib\net6.0\System.Drawing.Common.dll&quot;: Invalid argument (22)
rsync: [generator] recv_generator: failed to stat &quot;/home/site/wwwroot/runtimes\win\lib\net6.0\System.Drawing.Common.dll&quot;: Invalid argument (22)
rsync: [generator] recv_generator: failed to stat &quot;/home/site/wwwroot/zh-Hans\Microsoft.CodeAnalysis.resources.dll&quot;: Invalid argument (22)
rsync: [generator] recv_generator: failed to stat &quot;/home/site/wwwroot/de\Microsoft.CodeAnalysis.CSharp.Workspaces.resources.dll&quot;: Invalid argument (22)
rsync: [generator] recv_generator: failed to stat &quot;/home/site/wwwroot/it\Microsoft.CodeAnalysis.resources.dll&quot;: Invalid argument (22)
rsync: [generator] recv_generator: failed to stat &quot;/home/site/wwwroot/ja\Microsoft.CodeAnalysis.Workspaces.resources.dll&quot;: Invalid argument (22)
rsync: [generator] recv_generator: failed to stat &quot;/home/site/wwwroot/pl\Microsoft.CodeAnalysis.Workspaces.resources.dll&quot;: Invalid argument (22)
rsync: [generator] recv_generator: failed to stat &quot;/home/site/wwwroot/pl\Microsoft.CodeAnalysis.resources.dll&quot;: Invalid argument (22)
rsync: [generator] recv_generator: failed to stat &quot;/home/site/wwwroot/pt-BR\Microsoft.CodeAnalysis.CSharp.resources.dll&quot;: Invalid argument (22)
rsync: [generator] recv_generator: failed to stat &quot;/home/site/wwwroot/runtimes\win\lib\net6.0\Microsoft.Win32.SystemEvents.dll&quot;: Invalid argument (22)
rsync: [generator] recv_generator: failed to stat &quot;/home/site/wwwroot/tr\Microsoft.CodeAnalysis.CSharp.resources.dll&quot;: Invalid argument (22)
rsync: [generator] recv_generator: failed to stat &quot;/home/site/wwwroot/cs\Microsoft.CodeAnalysis.resources.dll&quot;: Invalid argument (22)
rsync: [generator] recv_generator: failed to stat &quot;/home/site/wwwroot/de\Microsoft.CodeAnalysis.Workspaces.resources.dll&quot;: Invalid argument (22)
rsync: [generator] recv_generator: failed to stat &quot;/home/site/wwwroot/de\Microsoft.CodeAnalysis.resources.dll&quot;: Invalid argument (22)
rsync: [generator] recv_generator: failed to stat &quot;/home/site/wwwroot/es\Microsoft.CodeAnalysis.CSharp.resources.dll&quot;: Invalid argument (22)
rsync: [generator] recv_generator: failed to stat &quot;/home/site/wwwroot/ja\Microsoft.CodeAnalysis.resources.dll&quot;: Invalid argument (22)
rsync: [generator] recv_generator: failed to stat &quot;/home/site/wwwroot/ko\Microsoft.CodeAnalysis.Workspaces.resources.dll&quot;: Invalid argument (22)
rsync: [generator] recv_generator: failed to stat &quot;/home/site/wwwroot/pl\Microsoft.CodeAnalysis.CSharp.Workspaces.resources.dll&quot;: Invalid argument (22)
rsync: [generator] recv_generator: failed to stat &quot;/home/site/wwwroot/cs\Microsoft.CodeAnalysis.CSharp.Workspaces.resources.dll&quot;: Invalid argument (22)
rsync: [generator] recv_generator: failed to stat &quot;/home/site/wwwroot/cs\Microsoft.CodeAnalysis.Workspaces.resources.dll&quot;: Invalid argument (22)
rsync: [generator] recv_generator: failed to stat &quot;/home/site/wwwroot/es\Microsoft.CodeAnalysis.CSharp.Workspaces.resources.dll&quot;: Invalid argument (22)
rsync: [generator] recv_generator: failed to stat &quot;/home/site/wwwroot/ko\Microsoft.CodeAnalysis.resources.dll&quot;: Invalid argument (22)
rsync: [generator] recv_generator: failed to stat &quot;/home/site/wwwroot/pt-BR\Microsoft.CodeAnalysis.resources.dll&quot;: Invalid argument (22)
rsync: [generator] recv_generator: failed to stat &quot;/home/site/wwwroot/ru\Microsoft.CodeAnalysis.CSharp.Workspaces.resources.dll&quot;: Invalid argument (22)
rsync: [generator] recv_generator: failed to stat &quot;/home/site/wwwroot/ru\Microsoft.CodeAnalysis.resources.dll&quot;: Invalid argument (22)
rsync: [generator] recv_generator: failed to stat &quot;/home/site/wwwroot/runtimes\win-x86\native\Microsoft.Data.SqlClient.SNI.dll&quot;: Invalid argument (22)
rsync: [generator] recv_generator: failed to stat &quot;/home/site/wwwroot/it\Microsoft.CodeAnalysis.Workspaces.resources.dll&quot;: Invalid argument (22)
rsync: [generator] recv_generator: failed to stat &quot;/home/site/wwwroot/ja\Microsoft.CodeAnalysis.CSharp.Workspaces.resources.dll&quot;: Invalid argument (22)
rsync: [generator] recv_generator: failed to stat &quot;/home/site/wwwroot/ko\Microsoft.CodeAnalysis.CSharp.resources.dll&quot;: Invalid argument (22)
rsync: [generator] recv_generator: failed to stat &quot;/home/site/wwwroot/runtimes\win-arm64\native\Microsoft.Data.SqlClient.SNI.dll&quot;: Invalid argument (22)
rsync: [generator] recv_generator: failed to stat &quot;/home/site/wwwroot/runtimes\win\lib\net6.0\Microsoft.Data.SqlClient.dll&quot;: Invalid argument (22)
rsync: [generator] recv_generator: failed to stat &quot;/home/site/wwwroot/runtimes\win\lib\net6.0\System.Runtime.Caching.dll&quot;: Invalid argument (22)
rsync: [generator] recv_generator: failed to stat &quot;/home/site/wwwroot/zh-Hans\Microsoft.CodeAnalysis.Workspaces.resources.dll&quot;: Invalid argument (22)
rsync: [generator] recv_generator: failed to stat &quot;/home/site/wwwroot/zh-Hant\Microsoft.CodeAnalysis.CSharp.resources.dll&quot;: Invalid argument (22)
rsync: [generator] recv_generator: failed to stat &quot;/home/site/wwwroot/zh-Hant\Microsoft.CodeAnalysis.Workspaces.resources.dll&quot;: Invalid argument (22)
rsync: [generator] recv_generator: failed to stat &quot;/home/site/wwwroot/de\Microsoft.CodeAnalysis.CSharp.resources.dll&quot;: Invalid argument (22)
rsync: [generator] recv_generator: failed to stat &quot;/home/site/wwwroot/fr\Microsoft.CodeAnalysis.CSharp.resources.dll&quot;: Invalid argument (22)
rsync: [generator] recv_generator: failed to stat &quot;/home/site/wwwroot/it\Microsoft.CodeAnalysis.CSharp.Workspaces.resources.dll&quot;: Invalid argument (22)
rsync: [generator] recv_generator: failed to stat &quot;/home/site/wwwroot/ko\Microsoft.CodeAnalysis.CSharp.Workspaces.resources.dll&quot;: Invalid argument (22)
rsync: [generator] recv_generator: failed to stat &quot;/home/site/wwwroot/ru\Microsoft.CodeAnalysis.CSharp.resources.dll&quot;: Invalid argument (22)
rsync: [generator] recv_generator: failed to stat &quot;/home/site/wwwroot/runtimes\win\lib\net6.0\System.Security.Cryptography.ProtectedData.dll&quot;: Invalid argument (22)
rsync: [generator] recv_generator: failed to stat &quot;/home/site/wwwroot/zh-Hans\Microsoft.CodeAnalysis.CSharp.Workspaces.resources.dll&quot;: Invalid argument (22)
rsync error: some files/attrs were not transferred (see previous errors) (code 23) at main.c(1333) [sender=3.2.3]
rsync error: some files/attrs were not transferred (see previous errors) (code 23) at main.c(1333) [sender=3.2.3]
rsync error: some files/attrs were not transferred (see previous errors) (code 23) at main.c(1333) [sender=3.2.3]
rsync: [generator] recv_generator: failed to stat &quot;/home/site/wwwroot/de\Microsoft.CodeAnalysis.CSharp.Workspaces.resources.dll&quot;: Invalid argument (22)
rsync: [generator] recv_generator: failed to stat &quot;/home/site/wwwroot/it\Microsoft.CodeAnalysis.resources.dll&quot;: Invalid argument (22)
rsync: [generator] recv_generator: failed to stat &quot;/home/site/wwwroot/ja\Microsoft.CodeAnalysis.Workspaces.resources.dll&quot;: Invalid argument (22)
rsync: [generator] recv_generator: failed to stat &quot;/home/site/wwwroot/pl\Microsoft.CodeAnalysis.Workspaces.resources.dll&quot;: Invalid argument (22)
rsync: [generator] recv_generator: failed to stat &quot;/home/site/wwwroot/pl\Microsoft.CodeAnalysis.resources.dll&quot;: Invalid argument (22)
rsync: [generator] recv_generator: failed to stat &quot;/home/site/wwwroot/pt-BR\Microsoft.CodeAnalysis.CSharp.resources.dll&quot;: Invalid argument (22)
rsync: [generator] recv_generator: failed to stat &quot;/home/site/wwwroot/runtimes\win\lib\net6.0\Microsoft.Win32.SystemEvents.dll&quot;: Invalid argument (22)
rsync: [generator] recv_generator: failed to stat &quot;/home/site/wwwroot/tr\Microsoft.CodeAnalysis.CSharp.resources.dll&quot;: Invalid argument (22)
rsync error: some files/attrs were not transferred (see previous errors) (code 23) at main.c(1333) [sender=3.2.3]
rsync: [generator] recv_generator: failed to stat &quot;/home/site/wwwroot/cs\Microsoft.CodeAnalysis.CSharp.Workspaces.resources.dll&quot;: Invalid argument (22)
rsync: [generator] recv_generator: failed to stat &quot;/home/site/wwwroot/cs\Microsoft.CodeAnalysis.Workspaces.resources.dll&quot;: Invalid argument (22)
rsync: [generator] recv_generator: failed to stat &quot;/home/site/wwwroot/es\Microsoft.CodeAnalysis.CSharp.Workspaces.resources.dll&quot;: Invalid argument (22)
rsync: [generator] recv_generator: failed to stat &quot;/home/site/wwwroot/ko\Microsoft.CodeAnalysis.resources.dll&quot;: Invalid argument (22)
rsync: [generator] recv_generator: failed to stat &quot;/home/site/wwwroot/pt-BR\Microsoft.CodeAnalysis.resources.dll&quot;: Invalid argument (22)
rsync: [generator] recv_generator: failed to stat &quot;/home/site/wwwroot/ru\Microsoft.CodeAnalysis.CSharp.Workspaces.resources.dll&quot;: Invalid argument (22)
rsync: [generator] recv_generator: failed to stat &quot;/home/site/wwwroot/ru\Microsoft.CodeAnalysis.resources.dll&quot;: Invalid argument (22)
rsync: [generator] recv_generator: failed to stat &quot;/home/site/wwwroot/runtimes\win-x86\native\Microsoft.Data.SqlClient.SNI.dll&quot;: Invalid argument (22)
rsync: [generator] recv_generator: failed to stat &quot;/home/site/wwwroot/de\Microsoft.CodeAnalysis.CSharp.resources.dll&quot;: Invalid argument (22)
rsync: [generator] recv_generator: failed to stat &quot;/home/site/wwwroot/fr\Microsoft.CodeAnalysis.CSharp.resources.dll&quot;: Invalid argument (22)
rsync: [generator] recv_generator: failed to stat &quot;/home/site/wwwroot/it\Microsoft.CodeAnalysis.CSharp.Workspaces.resources.dll&quot;: Invalid argument (22)
rsync: [generator] recv_generator: failed to stat &quot;/home/site/wwwroot/ko\Microsoft.CodeAnalysis.CSharp.Workspaces.resources.dll&quot;: Invalid argument (22)
rsync: [generator] recv_generator: failed to stat &quot;/home/site/wwwroot/ru\Microsoft.CodeAnalysis.CSharp.resources.dll&quot;: Invalid argument (22)
rsync: [generator] recv_generator: failed to stat &quot;/home/site/wwwroot/runtimes\win\lib\net6.0\System.Security.Cryptography.ProtectedData.dll&quot;: Invalid argument (22)
rsync: [generator] recv_generator: failed to stat &quot;/home/site/wwwroot/zh-Hans\Microsoft.CodeAnalysis.CSharp.Workspaces.resources.dll&quot;: Invalid argument (22)
rsync error: some files/attrs were not transferred (see previous errors) (code 23) at main.c(1333) [sender=3.2.3]
rsync error: some files/attrs were not transferred (see previous errors) (code 23) at main.c(1333) [sender=3.2.3]
rsync error: some files/attrs were not transferred (see previous errors) (code 23) at main.c(1333) [sender=3.2.3]
rsync: [generator] recv_generator: failed to stat &quot;/home/site/wwwroot/cs\Microsoft.CodeAnalysis.CSharp.resources.dll&quot;: Invalid argument (22)
rsync: [generator] recv_generator: failed to stat &quot;/home/site/wwwroot/es\Microsoft.CodeAnalysis.resources.dll&quot;: Invalid argument (22)
rsync: [generator] recv_generator: failed to stat &quot;/home/site/wwwroot/pt-BR\Microsoft.CodeAnalysis.Workspaces.resources.dll&quot;: Invalid argument (22)
rsync: [generator] recv_generator: failed to stat &quot;/home/site/wwwroot/ru\Microsoft.CodeAnalysis.Workspaces.resources.dll&quot;: Invalid argument (22)
rsync: [generator] recv_generator: failed to stat &quot;/home/site/wwwroot/runtimes\unix\lib\net6.0\Microsoft.Data.SqlClient.dll&quot;: Invalid argument (22)
rsync: [generator] recv_generator: failed to stat &quot;/home/site/wwwroot/runtimes\win-arm\native\Microsoft.Data.SqlClient.SNI.dll&quot;: Invalid argument (22)
rsync: [generator] recv_generator: failed to stat &quot;/home/site/wwwroot/tr\Microsoft.CodeAnalysis.CSharp.Workspaces.resources.dll&quot;: Invalid argument (22)
rsync: [generator] recv_generator: failed to stat &quot;/home/site/wwwroot/tr\Microsoft.CodeAnalysis.Workspaces.resources.dll&quot;: Invalid argument (22)
rsync error: some files/attrs were not transferred (see previous errors) (code 23) at main.c(1333) [sender=3.2.3]
rsync error: some files/attrs were not transferred (see previous errors) (code 23) at main.c(1333) [sender=3.2.3]
rsync: [generator] recv_generator: failed to stat &quot;/home/site/wwwroot/it\Microsoft.CodeAnalysis.Workspaces.resources.dll&quot;: Invalid argument (22)
rsync: [generator] recv_generator: failed to stat &quot;/home/site/wwwroot/ja\Microsoft.CodeAnalysis.CSharp.Workspaces.resources.dll&quot;: Invalid argument (22)
rsync: [generator] recv_generator: failed to stat &quot;/home/site/wwwroot/ko\Microsoft.CodeAnalysis.CSharp.resources.dll&quot;: Invalid argument (22)
rsync: [generator] recv_generator: failed to stat &quot;/home/site/wwwroot/runtimes\win-arm64\native\Microsoft.Data.SqlClient.SNI.dll&quot;: Invalid argument (22)
rsync: [generator] recv_generator: failed to stat &quot;/home/site/wwwroot/runtimes\win\lib\net6.0\Microsoft.Data.SqlClient.dll&quot;: Invalid argument (22)
rsync: [generator] recv_generator: failed to stat &quot;/home/site/wwwroot/runtimes\win\lib\net6.0\System.Runtime.Caching.dll&quot;: Invalid argument (22)
rsync: [generator] recv_generator: failed to stat &quot;/home/site/wwwroot/zh-Hans\Microsoft.CodeAnalysis.Workspaces.resources.dll&quot;: Invalid argument (22)
rsync: [generator] recv_generator: failed to stat &quot;/home/site/wwwroot/zh-Hant\Microsoft.CodeAnalysis.CSharp.resources.dll&quot;: Invalid argument (22)
rsync error: some files/attrs were not transferred (see previous errors) (code 23) at main.c(1333) [sender=3.2.3]
rsync error: some files/attrs were not transferred (see previous errors) (code 23) at main.c(1333) [sender=3.2.3]
rsync: [generator] recv_generator: failed to stat &quot;/home/site/wwwroot/fr\Microsoft.CodeAnalysis.resources.dll&quot;: Invalid argument (22)
rsync: [generator] recv_generator: failed to stat &quot;/home/site/wwwroot/ja\Microsoft.CodeAnalysis.CSharp.resources.dll&quot;: Invalid argument (22)
rsync: [generator] recv_generator: failed to stat &quot;/home/site/wwwroot/pl\Microsoft.CodeAnalysis.CSharp.resources.dll&quot;: Invalid argument (22)
rsync: [generator] recv_generator: failed to stat &quot;/home/site/wwwroot/pt-BR\Microsoft.CodeAnalysis.CSharp.Workspaces.resources.dll&quot;: Invalid argument (22)
rsync: [generator] recv_generator: failed to stat &quot;/home/site/wwwroot/runtimes\win-x64\native\Microsoft.Data.SqlClient.SNI.dll&quot;: Invalid argument (22)
rsync: [generator] recv_generator: failed to stat &quot;/home/site/wwwroot/runtimes\win\lib\net6.0\System.Windows.Extensions.dll&quot;: Invalid argument (22)
rsync: [generator] recv_generator: failed to stat &quot;/home/site/wwwroot/tr\Microsoft.CodeAnalysis.resources.dll&quot;: Invalid argument (22)
rsync: [generator] recv_generator: failed to stat &quot;/home/site/wwwroot/zh-Hans\Microsoft.CodeAnalysis.CSharp.resources.dll&quot;: Invalid argument (22)
rsync: [generator] recv_generator: failed to stat &quot;/home/site/wwwroot/zh-Hant\Microsoft.CodeAnalysis.CSharp.Workspaces.resources.dll&quot;: Invalid argument (22)
rsync: [generator] recv_generator: failed to stat &quot;/home/site/wwwroot/zh-Hant\Microsoft.CodeAnalysis.resources.dll&quot;: Invalid argument (22)
rsync error: some files/attrs were not transferred (see previous errors) (code 23) at main.c(1333) [sender=3.2.3]
rsync error: some files/attrs were not transferred (see previous errors) (code 23) at main.c(1333) [sender=3.2.3]
rsync: [generator] recv_generator: failed to stat &quot;/home/site/wwwroot/cs\Microsoft.CodeAnalysis.resources.dll&quot;: Invalid argument (22)
rsync: [generator] recv_generator: failed to stat &quot;/home/site/wwwroot/de\Microsoft.CodeAnalysis.Workspaces.resources.dll&quot;: Invalid argument (22)
rsync: [generator] recv_generator: failed to stat &quot;/home/site/wwwroot/de\Microsoft.CodeAnalysis.resources.dll&quot;: Invalid argument (22)
rsync: [generator] recv_generator: failed to stat &quot;/home/site/wwwroot/es\Microsoft.CodeAnalysis.CSharp.resources.dll&quot;: Invalid argument (22)
rsync: [generator] recv_generator: failed to stat &quot;/home/site/wwwroot/ja\Microsoft.CodeAnalysis.resources.dll&quot;: Invalid argument (22)
rsync: [generator] recv_generator: failed to stat &quot;/home/site/wwwroot/ko\Microsoft.CodeAnalysis.Workspaces.resources.dll&quot;: Invalid argument (22)
rsync: [generator] recv_generator: failed to stat &quot;/home/site/wwwroot/pl\Microsoft.CodeAnalysis.CSharp.Workspaces.resources.dll&quot;: Invalid argument (22)
rsync: [generator] recv_generator: failed to stat &quot;/home/site/wwwroot/zh-Hant\Microsoft.CodeAnalysis.Workspaces.resources.dll&quot;: Invalid argument (22)
rsync error: some files/attrs were not transferred (see previous errors) (code 23) at main.c(1333) [sender=3.2.3]
rsync error: some files/attrs were not transferred (see previous errors) (code 23) at main.c(1333) [sender=3.2.3]
rsync: [generator] recv_generator: failed to stat &quot;/home/site/wwwroot/es\Microsoft.CodeAnalysis.Workspaces.resources.dll&quot;: Invalid argument (22)
rsync: [generator] recv_generator: failed to stat &quot;/home/site/wwwroot/fr\Microsoft.CodeAnalysis.CSharp.Workspaces.resources.dll&quot;: Invalid argument (22)
rsync: [generator] recv_generator: failed to stat &quot;/home/site/wwwroot/fr\Microsoft.CodeAnalysis.Workspaces.resources.dll&quot;: Invalid argument (22)
rsync: [generator] recv_generator: failed to stat &quot;/home/site/wwwroot/it\Microsoft.CodeAnalysis.CSharp.resources.dll&quot;: Invalid argument (22)
rsync: [generator] recv_generator: failed to stat &quot;/home/site/wwwroot/runtimes\unix\lib\net6.0\System.Drawing.Common.dll&quot;: Invalid argument (22)
rsync: [generator] recv_generator: failed to stat &quot;/home/site/wwwroot/runtimes\win\lib\net6.0\System.Drawing.Common.dll&quot;: Invalid argument (22)
rsync: [generator] recv_generator: failed to stat &quot;/home/site/wwwroot/zh-Hans\Microsoft.CodeAnalysis.resources.dll&quot;: Invalid argument (22)
rsync error: some files/attrs were not transferred (see previous errors) (code 23) at main.c(1333) [sender=3.2.3]
/opt/Kudu/Scripts/starter.sh /opt/Kudu/Scripts/parallel_rsync.sh /tmp/zipdeploy/extracted /home/site/wwwroot 8 /tmp/ False True  
   at Kudu.Core.Infrastructure.Executable.ExecuteInternal(ITracer tracer, Func`2 onWriteOutput, Func`2 onWriteError, CancellationToken token, Encoding encoding, String arguments, Object[] args) in /tmp/KuduLite/Kudu.Core/Infrastructure/Executable.cs:line 239
   at Kudu.Core.Infrastructure.Executable.ExecuteWithProgressWriter(ILogger logger, ITracer tracer, CancellationToken token, String arguments, Object[] args) in /tmp/KuduLite/Kudu.Core/Infrastructure/Executable.cs:line 118
   at Kudu.Core.Deployment.Generator.ExternalCommandBuilder.RunCommand(DeploymentContext context, String command, Boolean ignoreManifest, CancellationToken token, String message) in /tmp/KuduLite/Kudu.Core/Deployment/Generator/ExternalCommandBuilder.cs:line 122
   at Kudu.Core.Deployment.Generator.GeneratorSiteBuilder.Build(DeploymentContext context, CancellationToken token) in /tmp/KuduLite/Kudu.Core/Deployment/Generator/GeneratorSiteBuilder.cs:line 70" /><!-- duration: 47ms -->
              <step title="Generating deployment script" date="2025-08-29T19:12:27.736" >
                <step title="Executing external process" date="2025-08-29T19:12:27.890" type="process" path="starter.sh" arguments="&quot;/opt/Kudu/node_modules/.bin/kuduscript&quot; -y --no-dot-deployment -r &quot;/tmp/zipdeploy/extracted&quot; -o &quot;/home/site/deployments/tools&quot; --basic --sitePath &quot;/tmp/zipdeploy/extracted&quot;" /><!-- duration: 2284ms -->
                <step title="Saved cached version of the deployment script for command -y --no-dot-deployment -r &quot;/tmp/zipdeploy/extracted&quot; -o &quot;/home/site/deployments/tools&quot; --basic --sitePath &quot;/tmp/zipdeploy/extracted&quot;" date="2025-08-29T19:12:30.288" /><!-- duration: 16ms -->
              </step><!-- duration: 2579ms -->
              <step title="Executing external process" date="2025-08-29T19:12:30.574" type="process" path="starter.sh" arguments="&quot;/home/site/deployments/tools/deploy.sh&quot;" >
                <step title="Process dump" date="2025-08-29T19:12:32.023" exitCode="1" type="processOutput" /><!-- duration: 17ms -->
              </step><!-- duration: 1470ms -->
              <step title="Error occurred" date="2025-08-29T19:12:32.062" type="error" text="
/opt/Kudu/Scripts/starter.sh &quot;/home/site/deployments/tools/deploy.sh&quot;" stackTrace="   at Kudu.Core.Infrastructure.Executable.ExecuteInternal(ITracer tracer, Func`2 onWriteOutput, Func`2 onWriteError, CancellationToken token, Encoding encoding, String arguments, Object[] args) in /tmp/KuduLite/Kudu.Core/Infrastructure/Executable.cs:line 239
   at Kudu.Core.Infrastructure.Executable.ExecuteWithProgressWriter(ILogger logger, ITracer tracer, CancellationToken token, String arguments, Object[] args) in /tmp/KuduLite/Kudu.Core/Infrastructure/Executable.cs:line 118
   at Kudu.Core.Deployment.Generator.ExternalCommandBuilder.RunCommand(DeploymentContext context, String command, Boolean ignoreManifest, CancellationToken token, String message) in /tmp/KuduLite/Kudu.Core/Deployment/Generator/ExternalCommandBuilder.cs:line 122" /><!-- duration: 9ms -->
              <step title="Error occurred" date="2025-08-29T19:12:32.110" type="error" text="
/opt/Kudu/Scripts/starter.sh &quot;/home/site/deployments/tools/deploy.sh&quot;" stackTrace="   at Kudu.Core.Infrastructure.Executable.ExecuteInternal(ITracer tracer, Func`2 onWriteOutput, Func`2 onWriteError, CancellationToken token, Encoding encoding, String arguments, Object[] args) in /tmp/KuduLite/Kudu.Core/Infrastructure/Executable.cs:line 239
   at Kudu.Core.Infrastructure.Executable.ExecuteWithProgressWriter(ILogger logger, ITracer tracer, CancellationToken token, String arguments, Object[] args) in /tmp/KuduLite/Kudu.Core/Infrastructure/Executable.cs:line 118
   at Kudu.Core.Deployment.Generator.ExternalCommandBuilder.RunCommand(DeploymentContext context, String command, Boolean ignoreManifest, CancellationToken token, String message) in /tmp/KuduLite/Kudu.Core/Deployment/Generator/ExternalCommandBuilder.cs:line 122
   at Kudu.Core.Deployment.Generator.GeneratorSiteBuilder.Build(DeploymentContext context, CancellationToken token) in /tmp/KuduLite/Kudu.Core/Deployment/Generator/GeneratorSiteBuilder.cs:line 84
--- End of stack trace from previous location ---
   at Kudu.Core.Deployment.DeploymentManager.Build(ChangeSet changeSet, ITracer tracer, IDisposable deployStep, IRepository repository, DeploymentInfoBase deploymentInfo, DeploymentAnalytics deploymentAnalytics, Boolean fullBuildByDefault, CancellationToken cancellationToken) in /tmp/KuduLite/Kudu.Core/Deployment/DeploymentManager.cs:line 771" /><!-- duration: 8ms -->
            </step><!-- duration: 31314ms -->
          </step><!-- duration: 31488ms -->
          <step title="Error occurred" date="2025-08-29T19:12:32.599" type="error" text="
/opt/Kudu/Scripts/starter.sh &quot;/home/site/deployments/tools/deploy.sh&quot;" stackTrace="   at Kudu.Core.Infrastructure.Executable.ExecuteInternal(ITracer tracer, Func`2 onWriteOutput, Func`2 onWriteError, CancellationToken token, Encoding encoding, String arguments, Object[] args) in /tmp/KuduLite/Kudu.Core/Infrastructure/Executable.cs:line 239
   at Kudu.Core.Infrastructure.Executable.ExecuteWithProgressWriter(ILogger logger, ITracer tracer, CancellationToken token, String arguments, Object[] args) in /tmp/KuduLite/Kudu.Core/Infrastructure/Executable.cs:line 118
   at Kudu.Core.Deployment.Generator.ExternalCommandBuilder.RunCommand(DeploymentContext context, String command, Boolean ignoreManifest, CancellationToken token, String message) in /tmp/KuduLite/Kudu.Core/Deployment/Generator/ExternalCommandBuilder.cs:line 122
   at Kudu.Core.Deployment.Generator.GeneratorSiteBuilder.Build(DeploymentContext context, CancellationToken token) in /tmp/KuduLite/Kudu.Core/Deployment/Generator/GeneratorSiteBuilder.cs:line 84
--- End of stack trace from previous location ---
   at Kudu.Core.Deployment.DeploymentManager.Build(ChangeSet changeSet, ITracer tracer, IDisposable deployStep, IRepository repository, DeploymentInfoBase deploymentInfo, DeploymentAnalytics deploymentAnalytics, Boolean fullBuildByDefault, CancellationToken cancellationToken) in /tmp/KuduLite/Kudu.Core/Deployment/DeploymentManager.cs:line 771
   at Kudu.Core.Deployment.DeploymentManager.Build(ChangeSet changeSet, ITracer tracer, IDisposable deployStep, IRepository repository, DeploymentInfoBase deploymentInfo, DeploymentAnalytics deploymentAnalytics, Boolean fullBuildByDefault, CancellationToken cancellationToken) in /tmp/KuduLite/Kudu.Core/Deployment/DeploymentManager.cs:line 840" /><!-- duration: 8ms -->
          <step title="Cleaning up temp files" date="2025-08-29T19:12:32.683" /><!-- duration: 16ms -->
          <step title="Cleaning up temp files" date="2025-08-29T19:12:32.711" /><!-- duration: 524ms -->
          <step title="Error occurred" date="2025-08-29T19:12:33.317" type="error" text="
/opt/Kudu/Scripts/starter.sh &quot;/home/site/deployments/tools/deploy.sh&quot;" stackTrace="   at Kudu.Core.Infrastructure.Executable.ExecuteInternal(ITracer tracer, Func`2 onWriteOutput, Func`2 onWriteError, CancellationToken token, Encoding encoding, String arguments, Object[] args) in /tmp/KuduLite/Kudu.Core/Infrastructure/Executable.cs:line 239
   at Kudu.Core.Infrastructure.Executable.ExecuteWithProgressWriter(ILogger logger, ITracer tracer, CancellationToken token, String arguments, Object[] args) in /tmp/KuduLite/Kudu.Core/Infrastructure/Executable.cs:line 118
   at Kudu.Core.Deployment.Generator.ExternalCommandBuilder.RunCommand(DeploymentContext context, String command, Boolean ignoreManifest, CancellationToken token, String message) in /tmp/KuduLite/Kudu.Core/Deployment/Generator/ExternalCommandBuilder.cs:line 122
   at Kudu.Core.Deployment.Generator.GeneratorSiteBuilder.Build(DeploymentContext context, CancellationToken token) in /tmp/KuduLite/Kudu.Core/Deployment/Generator/GeneratorSiteBuilder.cs:line 84
--- End of stack trace from previous location ---
   at Kudu.Core.Deployment.DeploymentManager.Build(ChangeSet changeSet, ITracer tracer, IDisposable deployStep, IRepository repository, DeploymentInfoBase deploymentInfo, DeploymentAnalytics deploymentAnalytics, Boolean fullBuildByDefault, CancellationToken cancellationToken) in /tmp/KuduLite/Kudu.Core/Deployment/DeploymentManager.cs:line 771
   at Kudu.Core.Deployment.DeploymentManager.Build(ChangeSet changeSet, ITracer tracer, IDisposable deployStep, IRepository repository, DeploymentInfoBase deploymentInfo, DeploymentAnalytics deploymentAnalytics, Boolean fullBuildByDefault, CancellationToken cancellationToken) in /tmp/KuduLite/Kudu.Core/Deployment/DeploymentManager.cs:line 840
   at Kudu.Core.Deployment.DeploymentManager.DeployAsync(IRepository repository, ChangeSet changeSet, String deployer, Boolean clean, DeploymentInfoBase deploymentInfo, Boolean needFileUpdate, Boolean fullBuildByDefault) in /tmp/KuduLite/Kudu.Core/Deployment/DeploymentManager.cs:line 266" /><!-- duration: 19ms -->
        </step><!-- duration: 32364ms -->
        <step title="Reloading status file with latest updates" date="2025-08-29T19:12:33.432" >
          <step title="WebHooksManager.PublishEventAsync: PostDeployment" date="2025-08-29T19:12:33.452" /><!-- duration: 504ms -->
        </step><!-- duration: 526ms -->
        <step title="Error occurred" date="2025-08-29T19:12:33.980" type="error" text="
/opt/Kudu/Scripts/starter.sh &quot;/home/site/deployments/tools/deploy.sh&quot;" stackTrace="   at Kudu.Core.Infrastructure.Executable.ExecuteInternal(ITracer tracer, Func`2 onWriteOutput, Func`2 onWriteError, CancellationToken token, Encoding encoding, String arguments, Object[] args) in /tmp/KuduLite/Kudu.Core/Infrastructure/Executable.cs:line 239
   at Kudu.Core.Infrastructure.Executable.ExecuteWithProgressWriter(ILogger logger, ITracer tracer, CancellationToken token, String arguments, Object[] args) in /tmp/KuduLite/Kudu.Core/Infrastructure/Executable.cs:line 118
   at Kudu.Core.Deployment.Generator.ExternalCommandBuilder.RunCommand(DeploymentContext context, String command, Boolean ignoreManifest, CancellationToken token, String message) in /tmp/KuduLite/Kudu.Core/Deployment/Generator/ExternalCommandBuilder.cs:line 122
   at Kudu.Core.Deployment.Generator.GeneratorSiteBuilder.Build(DeploymentContext context, CancellationToken token) in /tmp/KuduLite/Kudu.Core/Deployment/Generator/GeneratorSiteBuilder.cs:line 84
--- End of stack trace from previous location ---
   at Kudu.Core.Deployment.DeploymentManager.Build(ChangeSet changeSet, ITracer tracer, IDisposable deployStep, IRepository repository, DeploymentInfoBase deploymentInfo, DeploymentAnalytics deploymentAnalytics, Boolean fullBuildByDefault, CancellationToken cancellationToken) in /tmp/KuduLite/Kudu.Core/Deployment/DeploymentManager.cs:line 771
   at Kudu.Core.Deployment.DeploymentManager.Build(ChangeSet changeSet, ITracer tracer, IDisposable deployStep, IRepository repository, DeploymentInfoBase deploymentInfo, DeploymentAnalytics deploymentAnalytics, Boolean fullBuildByDefault, CancellationToken cancellationToken) in /tmp/KuduLite/Kudu.Core/Deployment/DeploymentManager.cs:line 840
   at Kudu.Core.Deployment.DeploymentManager.DeployAsync(IRepository repository, ChangeSet changeSet, String deployer, Boolean clean, DeploymentInfoBase deploymentInfo, Boolean needFileUpdate, Boolean fullBuildByDefault) in /tmp/KuduLite/Kudu.Core/Deployment/DeploymentManager.cs:line 266" /><!-- duration: 8ms -->
        <step title="Marking deployment as failed and cleaning up the temp deployment" date="2025-08-29T19:12:34.078" /><!-- duration: 2ms -->
      </step><!-- duration: 34889ms -->
      <step title="Error occurred" date="2025-08-29T19:12:34.392" type="error" text="One or more errors occurred. (Deployment failed)" stackTrace="   at System.Threading.Tasks.Task.ThrowIfExceptional(Boolean includeTaskCanceledExceptions)
   at System.Threading.Tasks.Task.Wait(Int32 millisecondsTimeout, CancellationToken cancellationToken)
   at System.Threading.Tasks.Task.Wait()
   at Kudu.Core.Deployment.FetchDeploymentManager.&lt;&gt;c__DisplayClass22_1.&lt;PerformBackgroundDeployment&gt;b__3() in /tmp/KuduLite/Kudu.Core/Deployment/FetchDeploymentManager.cs:line 414
   at Kudu.Contracts.Infrastructure.LockExtensions.TryLockOperation(IOperationLock lockObj, Action operation, String operationName, TimeSpan timeout) in /tmp/KuduLite/Kudu.Contracts/Infrastructure/LockExtensions.cs:line 34
   at Kudu.Contracts.Infrastructure.LockExtensions.LockOperation(IOperationLock lockObj, Action operation, String operationName, TimeSpan timeout) in /tmp/KuduLite/Kudu.Contracts/Infrastructure/LockExtensions.cs:line 46
   at Kudu.Core.Deployment.FetchDeploymentManager.&lt;&gt;c__DisplayClass22_0.&lt;PerformBackgroundDeployment&gt;b__1() in /tmp/KuduLite/Kudu.Core/Deployment/FetchDeploymentManager.cs:line 393" innerText="Deployment failed" innerStackTrace="   at Kudu.Core.Deployment.DeploymentManager.DeployAsync(IRepository repository, ChangeSet changeSet, String deployer, Boolean clean, DeploymentInfoBase deploymentInfo, Boolean needFileUpdate, Boolean fullBuildByDefault) in /tmp/KuduLite/Kudu.Core/Deployment/DeploymentManager.cs:line 307
   at Kudu.Core.Deployment.FetchDeploymentManager.PerformDeployment(DeploymentInfoBase deploymentInfo, IDisposable tempDeployment, ChangeSet tempChangeSet, DeployStatusApiResult updateStatusObj) in /tmp/KuduLite/Kudu.Core/Deployment/FetchDeploymentManager.cs:line 230" /><!-- duration: 8ms -->
    </step><!-- duration: 35066ms -->
