<step title="Incoming Request" date="2025-08-29T21:57:34.035" instance="5837db" url="/api/zipdeploy?isAsync=true" method="POST" type="request" pid="774,1,24" Accept="*/*" Host="issuetracker-api.scm.azurewebsites.net" User-Agent="AZURECLI/2.76.0 (MSI)" Accept-Encoding="gzip, deflate" Authorization="Bas..." Cache-Control="no-cache" Content-Type="application/octet-stream" Cookie="ARRAffinity=5837dbf0cd93da7124a4888a3302cb855513c4227a93adf2094b4463a5227ab6; ARRAffinitySameSite=5837dbf0cd93da7124a4888a3302cb855513c4227a93adf2094b4463a5227ab6" Content-Length="14705869" x-ms-client-request-id="1879a950-8523-11f0-a621-10b67641a083" x-ms-artifact-checksum="7143b2f6b75b13e67755a3157332f8c3de828c9d826bf39d99dd9ecc4764904b" X-ARR-LOG-ID="1879a950-8523-11f0-a621-10b67641a083" CLIENT-IP="41.121.17.187:43258" X-SITE-DEPLOYMENT-ID="issuetracker-api" WAS-DEFAULT-HOSTNAME="issuetracker-api.scm.azurewebsites.net" X-Forwarded-Proto="https" X-AppService-Proto="https" X-Forwarded-TlsVersion="1.3" X-WAWS-Unencoded-URL="/api/zipdeploy?isAsync=true" X-Client-IP="41.121.17.187" X-Client-Port="43258" >
  <step title="ZipPushDeploy" date="2025-08-29T21:57:34.096" >
    <step title="ZipDeploy. Extract zip." date="2025-08-29T21:57:34.113" /><!-- duration: 2ms -->
    <step title="None repository commit" date="2025-08-29T21:57:34.129" >
      <step title="Commit id: 11a47c36-f7c9-4f03-81c7-69d37b0841ba" date="2025-08-29T21:57:34.133" Message="N/A" AuthorName="N/A" AuthorEmail="N/A" /><!-- duration: 2ms -->
    </step><!-- duration: 8ms -->
    <step title="Starting PushDeployAsync" date="2025-08-29T21:57:34.139" /><!-- duration: 2ms -->
    <step title="Writing artifact to /tmp/zipdeploy/524c7ad1-55f2-4a9d-9bf6-13e07dd6ce5c.zip" date="2025-08-29T21:57:34.160" >
      <step title="Writing multipart request body to /tmp/zipdeploy/524c7ad1-55f2-4a9d-9bf6-13e07dd6ce5c.zip" date="2025-08-29T21:57:34.170" /><!-- duration: 2ms -->
    </step><!-- duration: 4779ms -->
    <step title="Start deployment in the background" date="2025-08-29T21:57:39.009" >
      <step title="Acquiring Deployment Lock" date="2025-08-29T21:57:39.094" /><!-- duration: 11ms -->
      <step title="Acquired Deployment Lock" date="2025-08-29T21:57:39.179" /><!-- duration: 8ms -->
    </step><!-- duration: 283ms -->
  </step><!-- duration: 5213ms -->
  <step title="Outgoing response" date="2025-08-29T21:57:39.348" type="response" statusCode="202" statusText="Accepted" /><!-- duration: 9ms -->
</step><!-- duration: 5332ms -->
