<step title="Incoming Request" date="2025-08-29T19:11:47.100" instance="5837db" url="/api/zipdeploy?isAsync=true" method="POST" type="request" pid="770,1,33" Accept="*/*" Host="issuetracker-api.scm.azurewebsites.net" User-Agent="AZURECLI/2.76.0 (MSI)" Accept-Encoding="gzip, deflate" Authorization="Bea..." Cache-Control="no-cache" Content-Type="application/octet-stream" Cookie="ARRAffinity=5837dbf0cd93da7124a4888a3302cb855513c4227a93adf2094b4463a5227ab6; ARRAffinitySameSite=5837dbf0cd93da7124a4888a3302cb855513c4227a93adf2094b4463a5227ab6" Content-Length="14678712" x-ms-client-request-id="ebe62884-850b-11f0-ac7a-10b67641a083" x-ms-artifact-checksum="c5f9ebe95c04636f91e37da6e0cf1225a50795e964ca1348c4811e73280ff850" X-ARR-LOG-ID="ebe62884-850b-11f0-ac7a-10b67641a083" CLIENT-IP="41.121.17.187:42528" X-SITE-DEPLOYMENT-ID="issuetracker-api" WAS-DEFAULT-HOSTNAME="issuetracker-api.scm.azurewebsites.net" X-Forwarded-Proto="https" X-AppService-Proto="https" X-Forwarded-TlsVersion="1.3" X-WAWS-Unencoded-URL="/api/zipdeploy?isAsync=true" X-Client-IP="41.121.17.187" X-Client-Port="42528" >
  <step title="ZipPushDeploy" date="2025-08-29T19:11:47.375" >
    <step title="ZipDeploy. Extract zip." date="2025-08-29T19:11:47.387" /><!-- duration: 3ms -->
    <step title="None repository commit" date="2025-08-29T19:11:47.404" >
      <step title="Commit id: af773f23-b5b1-4a45-b98a-5074abebef4a" date="2025-08-29T19:11:47.406" Message="N/A" AuthorName="N/A" AuthorEmail="N/A" /><!-- duration: 2ms -->
    </step><!-- duration: 9ms -->
    <step title="Starting PushDeployAsync" date="2025-08-29T19:11:47.417" /><!-- duration: 2ms -->
    <step title="Writing artifact to /tmp/zipdeploy/311f04cd-43bb-490b-a813-0ef87f581cda.zip" date="2025-08-29T19:11:47.494" >
      <step title="Writing multipart request body to /tmp/zipdeploy/311f04cd-43bb-490b-a813-0ef87f581cda.zip" date="2025-08-29T19:11:47.504" /><!-- duration: 8ms -->
    </step><!-- duration: 6280ms -->
    <step title="Start deployment in the background" date="2025-08-29T19:11:53.829" >
      <step title="Acquiring Deployment Lock" date="2025-08-29T19:11:53.924" /><!-- duration: 9ms -->
      <step title="Acquired Deployment Lock" date="2025-08-29T19:11:54.064" /><!-- duration: 9ms -->
    </step><!-- duration: 541ms -->
  </step><!-- duration: 7041ms -->
  <step title="Outgoing response" date="2025-08-29T19:11:54.451" type="response" statusCode="202" statusText="Accepted" /><!-- duration: 8ms -->
</step><!-- duration: 7361ms -->
