<step title="BackgroundTrace" date="2025-08-29T20:39:58.287" instance="5837db" url="/api/publish" method="POST" >
  <step title="Cleanup Xml Logs" date="2025-08-29T20:39:58.293" /><!-- duration: 9ms -->
  <step title="Creating temporary deployment - FetchDeploymentManager" date="2025-08-29T20:39:58.479" /><!-- duration: 2ms -->
  <step title="Creating temporary deployment" date="2025-08-29T20:39:58.485" /><!-- duration: 166ms -->
  <step title="Performing fetch based deployment" date="2025-08-29T20:39:58.722" >
    <step title="Cleaning up temp folders from previous zip deployments and extracting pushed zip file /tmp/zipdeploy/0465770c-f2d8-46ad-bbcb-470d99caf8f9.zip (15.50 MB) to /tmp/zipdeploy/extracted" date="2025-08-29T20:39:59.907" >
      <step title="ChmodRecursive Process exited with total time taken in ms: 296" date="2025-08-29T20:40:01.504" /><!-- duration: 18ms -->
    </step><!-- duration: 1633ms -->
    <step title="Deployment timer started" date="2025-08-29T20:40:03.604" >
      <step title="DeploymentManager.Deploy(id:294a7319-ea54-4c42-be25-0e63fc7da893)" date="2025-08-29T20:40:03.651" >
        <step title="Collecting changeset information" date="2025-08-29T20:40:03.690" /><!-- duration: 143ms -->
        <step title="Updating submodules" date="2025-08-29T20:40:03.844" /><!-- duration: 1191ms -->
        <step title="Determining deployment builder" date="2025-08-29T20:40:05.248" >
          <step title="Builder is OneDeployBuilder" date="2025-08-29T20:40:05.275" /><!-- duration: 2ms -->
        </step><!-- duration: 32ms -->
        <step title="PreDeployment: context.CleanOutputPath False" date="2025-08-29T20:40:05.327" >
          <step title="PreDeployment: context.OutputPath /home/site/wwwroot" date="2025-08-29T20:40:05.428" >
            <step title="Building" date="2025-08-29T20:40:05.539" >
              <step title="Executing external process" date="2025-08-29T20:40:05.950" type="process" path="starter.sh" arguments="/opt/Kudu/Scripts/parallel_rsync.sh /tmp/zipdeploy/extracted /home/site/wwwroot 8 /tmp/ False False  " /><!-- duration: 9736ms -->
              <step title="Modified file to trigger a restart of the app container." date="2025-08-29T20:40:16.159" /><!-- duration: 2ms -->
              <step title="Skip function trigger and logicapp sync because function is not enabled." date="2025-08-29T20:40:16.176" /><!-- duration: 20ms -->
              <step title="Purge deployment items" date="2025-08-29T20:40:16.780" >
                <step title="Remove 12012d62-, Failed, received at 08/29/2025 19:35:24" date="2025-08-29T20:40:16.860" /><!-- duration: 2ms -->
              </step><!-- duration: 87ms -->
            </step><!-- duration: 11399ms -->
          </step><!-- duration: 11524ms -->
          <step title="Cleaning up temp files" date="2025-08-29T20:40:16.956" /><!-- duration: 12ms -->
          <step title="Cleaning up temp files" date="2025-08-29T20:40:16.969" /><!-- duration: 531ms -->
          <step title="Reloading status file with latest updates" date="2025-08-29T20:40:17.534" >
            <step title="WebHooksManager.PublishEventAsync: PostDeployment" date="2025-08-29T20:40:17.539" /><!-- duration: 68ms -->
          </step><!-- duration: 79ms -->
          <step title="Cleaning up temporary deployment - fetch deployment was successful" date="2025-08-29T20:40:17.617" /><!-- duration: 3ms -->
        </step><!-- duration: 12409ms -->
      </step><!-- duration: 14149ms -->
