<step title="Incoming Request" date="2025-08-29T19:23:59.024" instance="5837db" url="/api/zipdeploy?isAsync=true" method="POST" type="request" pid="770,1,47" Accept="*/*" Host="issuetracker-api.scm.azurewebsites.net" User-Agent="AZURECLI/2.76.0 (MSI)" Accept-Encoding="gzip, deflate" Authorization="Bea..." Cache-Control="no-cache" Content-Type="application/octet-stream" Cookie="ARRAffinity=5837dbf0cd93da7124a4888a3302cb855513c4227a93adf2094b4463a5227ab6; ARRAffinitySameSite=5837dbf0cd93da7124a4888a3302cb855513c4227a93adf2094b4463a5227ab6" Content-Length="14718224" x-ms-client-request-id="9dd4f92c-850d-11f0-9c97-10b67641a083" x-ms-artifact-checksum="f0b3e2e9bfbde08f22e1acad0976cac326af3af93416682674b8681df6306f10" X-ARR-LOG-ID="9dd4f92c-850d-11f0-9c97-10b67641a083" CLIENT-IP="41.121.17.187:42730" X-SITE-DEPLOYMENT-ID="issuetracker-api" WAS-DEFAULT-HOSTNAME="issuetracker-api.scm.azurewebsites.net" X-Forwarded-Proto="https" X-AppService-Proto="https" X-Forwarded-TlsVersion="1.3" X-WAWS-Unencoded-URL="/api/zipdeploy?isAsync=true" X-Client-IP="41.121.17.187" X-Client-Port="42730" >
  <step title="ZipPushDeploy" date="2025-08-29T19:23:59.036" >
    <step title="ZipDeploy. Extract zip." date="2025-08-29T19:23:59.043" /><!-- duration: 2ms -->
    <step title="Starting PushDeployAsync" date="2025-08-29T19:23:59.049" /><!-- duration: 3ms -->
    <step title="Writing artifact to /tmp/zipdeploy/c6b134c2-f822-4aef-bf28-13458c420ef6.zip" date="2025-08-29T19:23:59.062" >
      <step title="Writing multipart request body to /tmp/zipdeploy/c6b134c2-f822-4aef-bf28-13458c420ef6.zip" date="2025-08-29T19:23:59.070" /><!-- duration: 2ms -->
    </step><!-- duration: 5692ms -->
    <step title="Start deployment in the background" date="2025-08-29T19:24:04.812" >
      <step title="Acquiring Deployment Lock" date="2025-08-29T19:24:04.944" /><!-- duration: 39ms -->
      <step title="Acquired Deployment Lock" date="2025-08-29T19:24:05.075" /><!-- duration: 12ms -->
    </step><!-- duration: 455ms -->
  </step><!-- duration: 6356ms -->
  <step title="Outgoing response" date="2025-08-29T19:24:05.446" type="response" statusCode="202" statusText="Accepted" /><!-- duration: 10ms -->
</step><!-- duration: 6434ms -->
