<step title="Incoming Request" date="2025-08-29T21:29:34.866" instance="5837db" url="/api/publish?async=true&amp;deployer=GITHUB_ONE_DEPLOY&amp;type=zip&amp;message=%7B%22type%22%3A%22deployment%22%2C%22sha%22%3A%22a08b7955bc52f1b31fbb1f76dd628644ccf8c6cb%22%2C%22repoName%22%3A%22Kgaogelo072%2FIssueTracker%22%2C%22actor%22%3A%22Kgaogelo072%22%2C%22slotName%22%3A%22production%22%2C%22commitMessage%22%3A%22publish%20zip%22%7D" method="POST" type="request" pid="771,1,31" Host="issuetracker-api.scm.azurewebsites.net" User-Agent="GITHUBACTIONS_DeployWebAppToAzure_88b203dd927c9ab2bd165ebe7dabc9c9f8e5929606164ecbcc62c6152f67b586" Authorization="Bas..." Content-Type="application/octet-stream" Cookie="ARRAffinity=5837dbf0cd93da7124a4888a3302cb855513c4227a93adf2094b4463a5227ab6;Path=/;HttpOnly;Secure;Domain=issuetracker-api.scm.azurewebsites.net; ARRAffinitySameSite=5837dbf0cd93da7124a4888a3302cb855513c4227a93adf2094b4463a5227ab6;Path=/;HttpOnly;SameSite=None;Secure;Domain=issuetracker-api.scm.azurewebsites.net" Transfer-Encoding="chunked" X-ARR-LOG-ID="54785401-5218-4575-bd50-8c4c80539d73" CLIENT-IP="132.196.32.71:10242" X-SITE-DEPLOYMENT-ID="issuetracker-api" WAS-DEFAULT-HOSTNAME="issuetracker-api.scm.azurewebsites.net" X-Forwarded-Proto="https" X-AppService-Proto="https" X-Forwarded-TlsVersion="1.3" X-WAWS-Unencoded-URL="/api/publish?async=true&amp;deployer=GITHUB_ONE_DEPLOY&amp;type=zip&amp;message=%7B%22type%22%3A%22deployment%22%2C%22sha%22%3A%22a08b7955bc52f1b31fbb1f76dd628644ccf8c6cb%22%2C%22repoName%22%3A%22Kgaogelo072%2FIssueTracker%22%2C%22actor%22%3A%22Kgaogelo072%22%2C%22slotName%22%3A%22production%22%2C%22commitMessage%22%3A%22publish%20zip%22%7D" X-Client-IP="132.196.32.71" X-Client-Port="10242" >
  <step title="OneDeploy" date="2025-08-29T21:29:35.201" >
    <step title="Starting PushDeployAsync" date="2025-08-29T21:29:35.261" /><!-- duration: 107ms -->
    <step title="Writing artifact to /tmp/zipdeploy/fe42ccd7-6a67-40ca-8746-950ec93f1cbb.zip" date="2025-08-29T21:29:35.404" >
      <step title="Writing multipart request body to /tmp/zipdeploy/fe42ccd7-6a67-40ca-8746-950ec93f1cbb.zip" date="2025-08-29T21:29:35.414" /><!-- duration: 7ms -->
    </step><!-- duration: 1826ms -->
    <step title="Start deployment in the background" date="2025-08-29T21:29:37.259" >
      <step title="Acquiring Deployment Lock" date="2025-08-29T21:29:37.306" /><!-- duration: 7ms -->
      <step title="Acquired Deployment Lock" date="2025-08-29T21:29:37.374" /><!-- duration: 4ms -->
    </step><!-- duration: 281ms -->
  </step><!-- duration: 2373ms -->
  <step title="Outgoing response" date="2025-08-29T21:29:37.588" type="response" statusCode="202" statusText="Accepted" /><!-- duration: 7ms -->
</step><!-- duration: 2731ms -->
